DrugBank_ID,PubChem_CID,SMILES
DB00862,135400189.0,CCCC1=NC(=C2N1N=C(NC2=O)C3=C(C=CC(=C3)S(=O)(=O)N4CCN(CC4)CC)OCC)C
DB00966,65999.0,CCCC1=NC2=C(N1CC3=CC=C(C=C3)C4=CC=CC=C4C(=O)O)C=C(C=C2C)C5=NC6=CC=CC=C6N5C
DB00575,2803.0,C1CN=C(N1)NC2=C(C=CC=C2Cl)Cl
DB00806,4740.0,CC(=O)CCCCN1C(=O)C2=C(N=CN2C)N(C1=O)C
DB01242,2801.0,CN(C)CCCN1C2=CC=CC=C2CCC3=C1C=C(C=C3)Cl
DB08893,9865528.0,C1=CC=C(C=C1)C(CNCCC2=CC=C(C=C2)NC(=O)CC3=CSC(=N3)N)O
DB01151,2995.0,CNCCCN1C2=CC=CC=C2CCC3=CC=CC=C31
DB08883,9924495.0,C1=CC=C(C=C1)N2C=C(C=C(C2=O)C3=CC=CC=C3C#N)C4=CC=CC=N4
DB01235,6047.0,C1=CC(=C(C=C1CC(C(=O)O)N)O)O
DB01275,3637.0,C1=CC=C2C(=C1)C=NN=C2NN
DB00333,4095.0,CCC(=O)C(CC(C)N(C)C)(C1=CC=CC=C1)C2=CC=CC=C2
DB00201,2519.0,CN1C=NC2=C1C(=O)N(C(=O)N2C)C
DB01609,214348.0,C1=CC=C(C(=C1)C2=NN(C(=N2)C3=CC=CC=C3O)C4=CC=C(C=C4)C(=O)O)O
DB00712,3394.0,CC(C1=CC(=C(C=C1)C2=CC=CC=C2)F)C(=O)O
DB01418,54676537.0,CC(=O)CC(C1=CC=C(C=C1)[N+](=O)[O-])C2=C(C3=CC=CC=C3OC2=O)O
DB01576,5826.0,CC(CC1=CC=CC=C1)N
DB04842,3396.0,C1CN(CCC12C(=O)NCN2C3=CC=CC=C3)CCCC(C4=CC=C(C=C4)F)C5=CC=C(C=C5)F
DB06212,443894.0,CC1=CC=CC=C1C(=O)NC2=CC(=C(C=C2)C(=O)N3CCCC(C4=C3C=CC(=C4)Cl)O)C
DB01232,441243.0,CC(C)(C)NC(=O)C1CC2CCCCC2CN1CC(C(CC3=CC=CC=C3)NC(=O)C(CC(=O)N)NC(=O)C4=NC5=CC=CC=C5C=C4)O
DB09291,10311306.0,CC(C1=CC(=CC(=C1)C(F)(F)F)C(F)(F)F)OCC2(CCC3(CCC(=O)N3)CN2)C4=CC=CC=C4
DB00382,1935.0,C1CCC2=NC3=CC=CC=C3C(=C2C1)N
DB06153,27400.0,CN1CCC(=C2C3=C(CCC4=CC=CC=C42)SC=C3)CC1
DB01017,54675783.0,CN(C)C1C2CC3CC4=C(C=CC(=C4C(=C3C(=O)C2(C(=C(C1=O)C(=O)N)O)O)O)O)N(C)C
DB01142,667468.0,CN(C)CCC=C1C2=CC=CC=C2COC3=CC=CC=C31
DB00214,41781.0,CC1=CC(=CC=C1)NC2=C(C=NC=C2)S(=O)(=O)NC(=O)NC(C)C
DB01174,4763.0,CCC1(C(=O)NC(=O)NC1=O)C2=CC=CC=C2
DB00104,448601.0,CC(C1C(=O)NC(CSSCC(C(=O)NC(C(=O)NC(C(=O)NC(C(=O)N1)CCCCN)CC2=CNC3=CC=CC=C32)CC4=CC=CC=C4)NC(=O)C(CC5=CC=CC=C5)N)C(=O)NC(CO)C(C)O)O
DB00908,441074.0,COC1=CC2=C(C=CN=C2C=C1)C(C3CC4CCN3CC4C=C)O
DB00569,5282448.0,COC1C(C(C(C(O1)COS(=O)(=O)O)OC2C(C(C(C(O2)C(=O)O)OC3C(C(C(C(O3)COS(=O)(=O)O)OC4C(C(C(C(O4)C(=O)O)OC5C(C(C(C(O5)COS(=O)(=O)O)O)O)NS(=O)(=O)O)O)O)OS(=O)(=O)O)NS(=O)(=O)O)O)OS(=O)(=O)O)O)NS(=O)(=O)O
DB01222,5281004.0,CCCC1OC2CC3C4CCC5=CC(=O)C=CC5(C4C(CC3(C2(O1)C(=O)CO)C)O)C
DB09063,57379345.0,CC1=CC(=C(C=C1C2CCNCC2)OC(C)C)NC3=NC=C(C(=N3)NC4=CC=CC=C4S(=O)(=O)C(C)C)Cl
DB00898,702.0,CCO
DB01589,4999.0,C1C(=S)N(C2=C(C=C(C=C2)Cl)C(=N1)C3=CC=CC=C3F)CC(F)(F)F
DB00762,60838.0,CCC1=C2CN3C(=CC4=C(C3=O)COC(=O)C4(CC)O)C2=NC5=C1C=C(C=C5)OC(=O)N6CCC(CC6)N7CCCCC7
DB09054,11625818.0,CCC(C1=NC2=C(C(=CC=C2)F)C(=O)N1C3=CC=CC=C3)NC4=NC=NC5=C4NC=N5
DB00780,3675.0,C1=CC=C(C=C1)CCNN
DB01158,2431.0,CC[N+](C)(C)CC1=CC=CC=C1Br
DB00186,3958.0,C1=CC=C(C(=C1)C2=NC(C(=O)NC3=C2C=C(C=C3)Cl)O)Cl
DB09071,10220503.0,CCC(=O)NCC1CC1C2=C3CCOC3=CC=C2
DB01248,148124.0,CC1=C2C(C(=O)C3(C(CC4C(C3C(C(C2(C)C)(CC1OC(=O)C(C(C5=CC=CC=C5)NC(=O)OC(C)(C)C)O)O)OC(=O)C6=CC=CC=C6)(CO4)OC(=O)C)O)C)O
DB00484,2435.0,C1CN=C(N1)NC2=C(C3=NC=CN=C3C=C2)Br
DB00881,54892.0,CCOC(=O)C(CCC1=CC=CC=C1)NC(C)C(=O)N2CC3=CC=CC=C3CC2C(=O)O
DB00396,5994.0,CC(=O)C1CCC2C1(CCC3C2CCC4=CC(=O)CCC34C)C
DB00682,54678486.0,CC(=O)CC(C1=CC=CC=C1)C2=C(C3=CC=CC=C3OC2=O)O
DB00368,439260.0,C1=CC(=C(C=C1C(CN)O)O)O
DB01551,5284543.0,CN1CCC23C4C1CC5=C2C(=C(C=C5)OC)OC3C(CC4)O
DB00605,1548887.0,CC1=C(C2=C(C1=CC3=CC=C(C=C3)S(=O)C)C=CC(=C2)F)CC(=O)O
DB01320,56339.0,C1=CC=C(C=C1)C2(C(=O)N(C(=O)N2)COP(=O)(O)O)C3=CC=CC=C3
DB09061,644019.0,CCCCCC1=CC(=C(C(=C1)O)C2C=C(CCC2C(=C)C)C)O
DB01167,55283.0,CCC(C)N1C(=O)N(C=N1)C2=CC=C(C=C2)N3CCN(CC3)C4=CC=C(C=C4)OCC5COC(O5)(CN6C=NC=N6)C7=C(C=C(C=C7)Cl)Cl
DB00572,174174.0,CN1C2CCC1CC(C2)OC(=O)C(CO)C3=CC=CC=C3
DB00921,644073.0,CC(C)(C)C(C)(C1CC23CCC1(C4C25CCN(C3CC6=C5C(=C(C=C6)O)O4)CC7CC7)OC)O
DB09272,11250029.0,CC1=CC(=CC(=C1CC(C(=O)N(CC2=CC(=C(C=C2)OC)C(=O)O)C(C)C3=NC=C(N3)C4=CC=CC=C4)N)C)C(=O)N
DB01026,3823.0,CC(=O)N1CCN(CC1)C2=CC=C(C=C2)OCC3COC(O3)(CN4C=CN=C4)C5=C(C=C(C=C5)Cl)Cl
DB08865,11626560.0,CC(C1=C(C=CC(=C1Cl)F)Cl)OC2=C(N=CC(=C2)C3=CN(N=C3)C4CCNCC4)N
DB00999,3639.0,C1NC2=CC(=C(C=C2S(=O)(=O)N1)S(=O)(=O)N)Cl
DB01114,2725.0,CN(C)CCC(C1=CC=C(C=C1)Cl)C2=CC=CC=N2
DB09042,11476460.0,CN1N=C(N=N1)C2=NC=C(C=C2)C3=C(C=C(C=C3)N4CC(OC4=O)COP(=O)(O)O)F
DB00381,2162.0,CCOC(=O)C1=C(NC(=C(C1C2=CC=CC=C2Cl)C(=O)OC)C)COCCN
DB00717,6230.0,CC12CCC3C(C1CCC2(C#C)O)CCC4=CC(=O)CCC34
DB00673,135413536.0,CC(C1=CC(=CC(=C1)C(F)(F)F)C(F)(F)F)OC2C(N(CCO2)CC3=NNC(=O)N3)C4=CC=C(C=C4)F
DB08918,6917779.0,CCN(CC)C(=O)C1(CC1CN)C2=CC=CC=C2
DB01215,3261.0,C1C2=NN=CN2C3=C(C=C(C=C3)Cl)C(=N1)C4=CC=CC=C4
DB00305,5746.0,CC1=C(C(=O)C2=C(C1=O)N3CC4C(C3(C2COC(=O)N)OC)N4)N
DB01100,16362.0,C1CN(CCC1N2C3=CC=CC=C3NC2=O)CCCC(C4=CC=C(C=C4)F)C5=CC=C(C=C5)F
DB06201,129228.0,C1=CC(=C(C(=C1)F)CN2C=C(N=N2)C(=O)N)F
DB01095,1548972.0,CC(C)N1C2=CC=CC=C2C(=C1C=CC(CC(CC(=O)O)O)O)C3=CC=C(C=C3)F
DB01393,39042.0,CC(C)(C(=O)O)OC1=CC=C(C=C1)CCNC(=O)C2=CC=C(C=C2)Cl
DB09072,23663870.0,C(CC(=O)[O-])CO.[Na+]
DB00983,3410.0,CC(CC1=CC=C(C=C1)OC)NCC(C2=CC(=C(C=C2)O)NC=O)O
DB01223,9433.0,CN1C2=C(C(=O)N(C1=O)C)NC=N2.CN1C2=C(C(=O)N(C1=O)C)NC=N2.C(CN)N
DB00865,5311017.0,CC(CC1=CC=CC=C1)N(C)CC2=CC=CC=C2
DB01623,941651.0,CN1CCN(CC1)CCC=C2C3=CC=CC=C3SC4=C2C=C(C=C4)S(=O)(=O)N(C)C
DB00211,4195.0,COC1=CC(=C(C=C1)OC)C(CNC(=O)CN)O
DB00316,1983.0,CC(=O)NC1=CC=C(C=C1)O
DB00422,4158.0,COC(=O)C(C1CCCCN1)C2=CC=CC=C2
DB00876,5281037.0,CCCCC1=NC=C(N1CC2=CC=C(C=C2)C(=O)O)C=C(CC3=CC=CS3)C(=O)O
DB00366,3162.0,CC(C1=CC=CC=C1)(C2=CC=CC=N2)OCCN(C)C
DB01189,42113.0,C(C(F)(F)F)(OC(F)F)F
DB00997,31703.0,CC1C(C(CC(O1)OC2CC(CC3=C2C(=C4C(=C3O)C(=O)C5=C(C4=O)C(=CC=C5)OC)O)(C(=O)CO)O)N)O
DB04905,108092.0,CCN(CC)CCOC1=CC=C(C=C1)CC2=CC=CC=C2
DB00177,60846.0,CCCCC(=O)N(CC1=CC=C(C=C1)C2=CC=CC=C2C3=NNN=N3)C(C(C)C)C(=O)O
DB09401,12597.0,C1C(C2C(O1)C(CO2)O)O
DB01211,84029.0,CCC1C(C(C(C(=O)C(CC(C(C(C(C(C(=O)O1)C)OC2CC(C(C(O2)C)O)(C)OC)C)OC3C(C(CC(O3)C)N(C)C)O)(C)OC)C)C)O)(C)O
DB00603,6279.0,CC1CC2C(CCC3(C2CCC3(C(=O)C)OC(=O)C)C)C4(C1=CC(=O)CC4)C
DB01268,5329102.0,CCN(CC)CCNC(=O)C1=C(NC(=C1C)C=C2C3=C(C=CC(=C3)F)NC2=O)C
DB01394,2833.0,CC(=O)NC1CCC2=CC(=C(C(=C2C3=CC=C(C(=O)C=C13)OC)OC)OC)OC
DB00623,3372.0,C1CN(CCN1CCCN2C3=CC=CC=C3SC4=C2C=C(C=C4)C(F)(F)F)CCO
DB00656,5533.0,C1CN(CCN1CCCN2C(=O)N3C=CC=CC3=N2)C4=CC(=CC=C4)Cl
DB00834,55245.0,CC#CC1(CCC2C1(CC(C3=C4CCC(=O)C=C4CCC23)C5=CC=C(C=C5)N(C)C)C)O
DB09039,23652731.0,CCCCCCCC(=O)NC(CN1CCCC1)C(C2=CC3=C(C=C2)OCCO3)O
DB08881,42611257.0,CCCS(=O)(=O)NC1=C(C(=C(C=C1)F)C(=O)C2=CNC3=C2C=C(C=N3)C4=CC=C(C=C4)Cl)F
DB00675,2733526.0,CCC(=C(C1=CC=CC=C1)C2=CC=C(C=C2)OCCN(C)C)C3=CC=CC=C3
DB05812,132971.0,CC12CCC(CC1=CCC3C2CCC4(C3CC=C4C5=CN=CC=C5)C)O
DB00215,2771.0,CN(C)CCCC1(C2=C(CO1)C=C(C=C2)C#N)C3=CC=C(C=C3)F
DB00420,4926.0,CN(C)CCCN1C2=CC=CC=C2SC3=CC=CC=C31
DB00401,4499.0,CC1=C(C(C(=C(N1)C)C(=O)OCC(C)C)C2=CC=CC=C2[N+](=O)[O-])C(=O)OC
DB09059,5311010.0,CCC(C)C1C(=O)NC(C(=O)NC(C(=O)NC(CSSCCC(=O)NC(C(=O)N1)CC2=CC=C(C=C2)OCC)C(=O)N3CCCC3C(=O)NC(CCCN)C(=O)NCC(=O)N)CC(=O)N)C(C)O
DB00625,64139.0,C1CC1C#CC2(C3=C(C=CC(=C3)Cl)NC(=O)O2)C(F)(F)F
DB00956,5284569.0,CN1CCC23C4C1CC5=C2C(=C(C=C5)OC)OC3C(=O)CC4
DB00624,6013.0,CC12CCC3C(C1CCC2O)CCC4=CC(=O)CCC34C
DB00918,123606.0,CN(C)CCC1=CNC2=C1C=C(C=C2)CS(=O)(=O)N3CCCC3
DB01104,68617.0,CNC1CCC(C2=CC=CC=C12)C3=CC(=C(C=C3)Cl)Cl
DB01296,439213.0,C(C1C(C(C(C(O1)O)N)O)O)O
DB00443,9782.0,CC1CC2C3CCC4=CC(=O)C=CC4(C3(C(CC2(C1(C(=O)CO)O)C)O)F)C
DB00672,2727.0,CCCNC(=O)NS(=O)(=O)C1=CC=C(C=C1)Cl
DB00390,2724385.0,CC1C(C(CC(O1)OC2C(OC(CC2O)OC3C(OC(CC3O)OC4CCC5(C(C4)CCC6C5CC(C7(C6(CCC7C8=CC(=O)OC8)O)C)O)C)C)C)O)O
DB00986,3494.0,C[N+]1(CCC(C1)OC(=O)C(C2CCCC2)(C3=CC=CC=C3)O)C
DB01207,5362391.0,C1=CC(=CC(=C1)C(F)(F)F)C(=NOCCCCC(=O)O)C2=CN=CC=C2
DB06228,9875401.0,C1COCC(=O)N1C2=CC=C(C=C2)N3CC(OC3=O)CNC(=O)C4=CC=C(S4)Cl
DB00618,54680690.0,CN(C)C1C2CC3C(C4=C(C=CC(=C4C(=C3C(=O)C2(C(=C(C1=O)C(=O)N)O)O)O)O)Cl)O
DB09146,91663255.0,C(C1C(C(C(C(O1)OC2(C(C(C(O2)CO)O)O)CO)O)O)O)O.O.O.O.[OH-].[O-2].[O-2].[O-2].[O-2].[O-2].[O-2].[O-2].[O-2].[Na+].[Na+].[Fe+3].[Fe+3].[Fe+3].[Fe+3].[Fe+3]
DB00252,1775.0,C1=CC=C(C=C1)C2(C(=O)NC(=O)N2)C3=CC=CC=C3
DB01182,4932.0,CCCNCC(COC1=CC=CC=C1C(=O)CCC2=CC=CC=C2)O
DB01166,2754.0,C1CCC(CC1)N2C(=NN=N2)CCCCOC3=CC4=C(C=C3)NC(=O)CC4
DB06636,6918606.0,CC(C1=NC(=CS1)C2=CC=C(C=C2)C#N)C(CN3C=[N+](C=N3)C(C)OC(=O)N(C)C4=C(C=CC=N4)COC(=O)CNC)(C5=C(C=CC(=C5)F)F)O
DB01234,5743.0,CC1CC2C3CCC4=CC(=O)C=CC4(C3(C(CC2(C1(C(=O)CO)O)C)O)F)C
DB09118,5311454.0,CC(C)(C)C(C=CC1=CC2=C(C=C1)OCO2)O
DB09128,11978813.0,C1CN(CCN1CCCCOC2=CC3=C(C=C2)C=CC(=O)N3)C4=C5C=CSC5=CC=C4
DB00413,119570.0,CCCNC1CCC2=C(C1)SC(=N2)N
DB00972,2267.0,CN1CCCC(CC1)N2C(=O)C3=CC=CC=C3C(=N2)CC4=CC=C(C=C4)Cl
DB08873,10324367.0,CC1(C2C1C(N(C2)C(=O)C(C(C)(C)C)NC(=O)NC(C)(C)C)C(=O)NC(CC3CCC3)C(=O)C(=O)N)C
DB00397,10297.0,CC(C(C1=CC=CC=C1)O)N
DB00503,392622.0,CC(C)C1=NC(=CS1)CN(C)C(=O)NC(C(C)C)C(=O)NC(CC2=CC=CC=C2)CC(C(CC3=CC=CC=C3)NC(=O)OCC4=CN=CS4)O
DB00758,60606.0,COC(=O)C(C1=CC=CC=C1Cl)N2CCC3=C(C2)C=CS3
DB00126,54670067.0,C(C(C1C(=C(C(=O)O1)O)O)O)O
DB00243,56959.0,CC1=C(C(=CC=C1)C)NC(=O)CN2CCN(CC2)CC(COC3=CC=CC=C3OC)O
DB08889,11556711.0,CC(C)CC(C(=O)C1(CO1)C)NC(=O)C(CC2=CC=CC=C2)NC(=O)C(CC(C)C)NC(=O)C(CCC3=CC=CC=C3)NC(=O)CN4CCOCC4
DB00813,3345.0,CCC(=O)N(C1CCN(CC1)CCC2=CC=CC=C2)C3=CC=CC=C3
DB00991,4614.0,C1=CC=C(C=C1)C2=C(OC(=N2)CCC(=O)O)C3=CC=CC=C3
DB01254,3062316.0,CC1=C(C(=CC=C1)Cl)NC(=O)C2=CN=C(S2)NC3=CC(=NC(=N3)C)N4CCN(CC4)CCO
DB00367,13109.0,CCC12CCC3C(C1CCC2(C#C)O)CCC4=CC(=O)CCC34
DB01124,5505.0,CCCCNC(=O)NS(=O)(=O)C1=CC=C(C=C1)C
DB00238,4463.0,CC1=C2C(=NC=C1)N(C3=C(C=CC=N3)C(=O)N2)C4CC4
DB01319,131536.0,CC(C)CN(CC(C(CC1=CC=CC=C1)NC(=O)OC2CCOC2)OP(=O)(O)O)S(=O)(=O)C3=CC=C(C=C3)N
DB00182,3007.0,CC(CC1=CC=CC=C1)N
DB00816,4086.0,CC(C)NCC(C1=CC(=CC(=C1)O)O)O
DB00328,3715.0,CC1=C(C2=C(N1C(=O)C3=CC=C(C=C3)Cl)C=CC(=C2)OC)CC(=O)O
DB04272,311.0,C(C(=O)O)C(CC(=O)O)(C(=O)O)O
DB00502,3559.0,C1CN(CCC1(C2=CC=C(C=C2)Cl)O)CCCC(=O)C3=CC=C(C=C3)F
DB01367,3052776.0,C#CCNC1CCC2=CC=CC=C12
DB08976,3360.0,C1=CC=C(C(=C1)C(=O)OCC(CO)O)NC2=C3C=CC=C(C3=NC=C2)C(F)(F)F
DB00257,2812.0,C1=CC=C(C=C1)C(C2=CC=CC=C2)(C3=CC=CC=C3Cl)N4C=CN=C4
DB00715,43815.0,C1CNCC(C1C2=CC=C(C=C2)F)COC3=CC4=C(C=C3)OCO4
DB01036,443879.0,CC1=CC(=C(C=C1)O)C(CCN(C(C)C)C(C)C)C2=CC=CC=C2
DB06290,118984465.0,CC1=C(C=CC2=C1N=C(C=C2OC3CC4C(C3)C(=O)N(CCCCC=CC5CC5(NC4=O)C(=O)NS(=O)(=O)C6CC6)C)C7=NC(=CS7)C(C)C)OC
DB01201,135403821.0,CC1C=CC=C(C(=O)NC2=C(C(=C3C(=C2O)C(=C(C4=C3C(=O)C(O4)(OC=CC(C(C(C(C(C(C1O)C)O)C)OC(=O)C)C)OC)C)C)O)O)C=NN5CCN(CC5)C6CCCC6)C
DB09068,9966051.0,CC1=CC(=C(C=C1)SC2=CC=CC=C2N3CCNCC3)C
DB00418,5193.0,CCCC(C)C1(C(=O)NC(=O)NC1=O)CC=C
DB01054,4507.0,CCOC(=O)C1=C(NC(=C(C1C2=CC(=CC=C2)[N+](=O)[O-])C(=O)OC)C)C
DB01233,4168.0,CCN(CC)CCNC(=O)C1=CC(=C(C=C1OC)N)Cl
DB01238,60795.0,C1CC(=O)NC2=C1C=CC(=C2)OCCCCN3CCN(CC3)C4=C(C(=CC=C4)Cl)Cl
DB01184,3151.0,C1CN(CCC1N2C3=C(C=C(C=C3)Cl)NC2=O)CCCN4C5=CC=CC=C5NC4=O
DB09065,25151504.0,CC(C)C1=NC(=CS1)CN(C)C(=O)NC(CCN2CCOCC2)C(=O)NC(CCC(CC3=CC=CC=C3)NC(=O)OCC4=CN=CS4)CC5=CC=CC=C5
DB00204,71329.0,CN(CCC1=CC=C(C=C1)NS(=O)(=O)C)CCOC2=CC=C(C=C2)NS(=O)(=O)C
DB00887,2471.0,CCCCNC1=C(C(=CC(=C1)C(=O)O)S(=O)(=O)N)OC2=CC=CC=C2
DB04855,208898.0,CCCCC1=C(C2=C(O1)C=CC(=C2)NS(=O)(=O)C)C(=O)C3=CC=C(C=C3)OCCCN(CCCC)CCCC
DB09053,24821094.0,C=CC(=O)N1CCCC(C1)N2C3=NC=NC(=C3C(=N2)C4=CC=C(C=C4)OC5=CC=CC=C5)N
DB00482,2662.0,CC1=CC=C(C=C1)C2=CC(=NN2C3=CC=C(C=C3)S(=O)(=O)N)C(F)(F)F
DB00501,2756.0,CC1=C(N=CN1)CSCCNC(=NC)NC#N
DB00337,6509979.0,CCC1C=C(CC(CC(C2C(CC(C(O2)(C(=O)C(=O)N3CCCCC3C(=O)OC(C(C(CC1=O)O)C)C(=CC4CCC(C(C4)OC)Cl)C)O)C)OC)OC)C)C
DB01181,3690.0,C1CN(P(=O)(OC1)NCCCl)CCCl
DB00957,6540478.0,CCC12CCC3C(C1CCC2(C#C)OC(=O)C)CCC4=CC(=NO)CCC34
DB00470,16078.0,CCCCCC1=CC(=C2C3C=C(CCC3C(OC2=C1)(C)C)C)O
DB00871,5403.0,CC(C)(C)NCC(C1=CC(=CC(=C1)O)O)O
DB00542,5362124.0,CCOC(=O)C(CCC1=CC=CC=C1)NC2CCC3=CC=CC=C3N(C2=O)CC(=O)O
DB09282,5353788.0,CCOC(=NC1=C[N+](=NO1)N2CCOCC2)[O-]
DB00959,6741.0,CC1CC2C3CCC(C3(CC(C2C4(C1=CC(=O)C=C4)C)O)C)(C(=O)CO)O
DB01224,5002.0,C1CN(CCN1CCOCCO)C2=NC3=CC=CC=C3SC4=CC=CC=C42
DB04876,6918537.0,C1CC(N(C1)C(=O)CNC23CC4CC(C2)CC(C4)(C3)O)C#N
DB01021,5560.0,C1=C2C(=CC(=C1Cl)S(=O)(=O)N)S(=O)(=O)NC(N2)C(Cl)Cl
DB06203,11450633.0,CN1C(=O)C=C(N(C1=O)CC2=CC=CC=C2C#N)N3CCCC(C3)N
DB06480,3052762.0,COCCCN1CCC(CC1)NC(=O)C2=CC(=C(C3=C2OCC3)N)Cl
DB09123,68861.0,CC12CCC3=C4CCC(=O)C=C4CCC3C1CCC2(CC#N)O
DB00582,71616.0,CC(C1=NC=NC=C1F)C(CN2C=NC=N2)(C3=C(C=C(C=C3)F)F)O
DB00622,4474.0,CC1=C(C(C(=C(N1)C)C(=O)OCCN(C)CC2=CC=CC=C2)C3=CC(=CC=C3)[N+](=O)[O-])C(=O)OC
DB00193,33741.0,CN(C)CC1CCCCC1(C2=CC(=CC=C2)OC)O
DB05521,3010818.0,CCCC(C(=O)C(=O)NC1CC1)NC(=O)C2C3CCCC3CN2C(=O)C(C(C)(C)C)NC(=O)C(C4CCCCC4)NC(=O)C5=NC=CN=C5
DB09076,11519070.0,C1C[N+]2(CCC1(CC2)C(C3=CC=CC=C3)(C4=CC=CC=C4)O)CCOCC5=CC=CC=C5
DB01029,3749.0,CCCCC1=NC2(CCCC2)C(=O)N1CC3=CC=C(C=C3)C4=CC=CC=C4C5=NNN=N5
DB01259,208908.0,CS(=O)(=O)CCNCC1=CC=C(O1)C2=CC3=C(C=C2)N=CN=C3NC4=CC(=C(C=C4)OCC5=CC(=CC=C5)F)Cl
DB00864,445643.0,CC1CC(C2C(CC(C(O2)(C(=O)C(=O)N3CCCCC3C(=O)OC(C(C(CC(=O)C(C=C(C1)C)CC=C)O)C)C(=CC4CCC(C(C4)OC)O)C)O)C)OC)OC
DB09102,25154714.0,CC(C)C(C(=O)N1CCCC1C2=NC=C(N2)C3=CC=C(C=C3)C4=CC=C(C=C4)C5=CN=C(N5)C6CCCN6C(=O)C(C(C)C)NC(=O)OC)NC(=O)OC
DB05271,59227.0,CCCN(CCC1=CC=CS1)C2CCC3=C(C2)C=CC=C3O
DB00767,2342.0,CCN(CC)C(=O)C1CN2CCC3=CC(=C(C=C3C2CC1OC(=O)C)OC)OC
DB00752,5530.0,C1C(C1N)C2=CC=CC=C2
DB00628,2809.0,C1=CC=C(C=C1)C2=NC(C(=O)NC3=C2C=C(C=C3)Cl)C(=O)O
DB00653,24083.0,[O-]S(=O)(=O)[O-].[Mg+2]
DB08931,11304743.0,CN(C1=C(N=C(N=C1N)C2=NN(C3=C2C=CC=N3)CC4=CC=CC=C4F)N)C(=O)OC
DB04938,3036505.0,C1=CC=C(C=C1)C(=C(C2=CC=CC=C2)C3=CC=C(C=C3)OCCO)CCCl
DB00934,4011.0,CNCCCC12CCC(C3=CC=CC=C31)C4=CC=CC=C24
DB00451,5819.0,C1=C(C=C(C(=C1I)OC2=CC(=C(C(=C2)I)O)I)I)CC(C(=O)O)N
DB09407,5360315.0,[Mg+2].[Cl-].[Cl-]
DB00741,5754.0,CC12CCC(=O)C=C1CCC3C2C(CC4(C3CCC4(C(=O)CO)O)C)O
DB00960,4828.0,CC(C)NCC(COC1=CC=CC2=C1C=CN2)O
DB01119,3019.0,CC1=NS(=O)(=O)C2=C(N1)C=CC(=C2)Cl
DB00737,4034.0,CC1=CC(=CC=C1)CN2CCN(CC2)C(C3=CC=CC=C3)C4=CC=C(C=C4)Cl
DB06204,9838022.0,CCC(C1=CC(=CC=C1)O)C(C)CN(C)C
DB00195,2369.0,CC(C)NCC(COC1=CC=C(C=C1)CCOCC2CC2)O
DB00237,2479.0,CCC(C)C1(C(=O)NC(=O)NC1=O)CC
DB00798,3467.0,CC(C1CCC(C(O1)OC2C(CC(C(C2O)OC3C(C(C(CO3)(C)O)NC)O)N)N)N)NC
DB01163,36273.0,CC1(C(N2C(S1)C(C2=O)N=CN3CCCCCC3)C(=O)O)C
DB00648,4211.0,C1=CC=C(C(=C1)C(C2=CC=C(C=C2)Cl)C(Cl)Cl)Cl
DB06789,169870.0,CCCCCC(=O)OC1(CCC2C1(CCC3C2CCC4=CC(=O)CCC34C)C)C(=O)C
DB00273,5284627.0,CC1(OC2COC3(C(C2O1)OC(O3)(C)C)COS(=O)(=O)N)C
DB06282,1549000.0,C1CN(CCN1CCOCC(=O)O)C(C2=CC=CC=C2)C3=CC=C(C=C3)Cl
DB01558,2441.0,C1C(=O)NC2=C(C=C(C=C2)Br)C(=N1)C3=CC=CC=N3
DB00802,51263.0,CCC(=O)N(C1=CC=CC=C1)C2(CCN(CC2)CCN3C(=O)N(N=N3)CC)COC
DB00284,9811704.0,CC1C(C(C(C(O1)OC2C(OC(C(C2O)O)OC(C(CO)O)C(C(C=O)O)O)CO)O)O)NC3C=C(C(C(C3O)O)O)CO
DB01208,60464.0,CC1CN(CC(N1)C)C2=C(C(=C3C(=C2F)N(C=C(C3=O)C(=O)O)C4CC4)N)F
DB00784,4044.0,CC1=C(C(=CC=C1)NC2=CC=CC=C2C(=O)O)C
DB00790,107807.0,CCCC(C(=O)OCC)NC(C)C(=O)N1C2CCCCC2CC1C(=O)O
DB08912,44462760.0,CC(C)(C)C1=NC(=C(S1)C2=NC(=NC=C2)N)C3=C(C(=CC=C3)NS(=O)(=O)C4=C(C=CC=C4F)F)F
DB01038,18104.0,CCC(=O)C1=CC2=C(C=C1)SC3=CC=CC=C3N2CCCN4CCN(CC4)CCO
DB01577,10836.0,CC(CC1=CC=CC=C1)NC
DB00310,2732.0,C1=CC=C2C(=C1)C(=O)NC2(C3=CC(=C(C=C3)Cl)S(=O)(=O)N)O
DB00391,5355.0,CCN1CCCC1CNC(=O)C2=C(C=CC(=C2)S(=O)(=O)N)OC
DB01023,3333.0,CCOC(=O)C1=C(NC(=C(C1C2=C(C(=CC=C2)Cl)Cl)C(=O)OC)C)C
DB00334,135398745.0,CC1=CC2=C(S1)NC3=CC=CC=C3N=C2N4CCN(CC4)C
DB01553,2816.0,C1COC2(N1CC(=O)NC3=C2C=C(C=C3)Cl)C4=CC=CC=C4Cl
DB00408,3964.0,CN1CCN(CC1)C2=NC3=CC=CC=C3OC4=C2C=C(C=C4)Cl
DB00952,4440.0,CNS(=O)(=O)CCC1=CC2=C(C=C1)NC=C2C3CCN(CC3)C
DB00912,65981.0,CCOC1=C(C=CC(=C1)CC(=O)NC(CC(C)C)C2=CC=CC=C2N3CCCCC3)C(=O)O
DB01403,72287.0,CC(CN1C2=CC=CC=C2SC3=C1C=C(C=C3)OC)CN(C)C
DB00571,4946.0,CC(C)NCC(COC1=CC=CC2=CC=CC=C21)O
DB01395,68873.0,CC12CCC(=O)C=C1C3CC3C4C2CCC5(C4C6CC6C57CCC(=O)O7)C
DB00232,4121.0,CN1C(NC2=CC(=C(C=C2S1(=O)=O)S(=O)(=O)N)Cl)CCl
DB00903,3278.0,CCC(=C)C(=O)C1=C(C(=C(C=C1)OCC(=O)O)Cl)Cl
DB00657,4032.0,CC1(C2CCC(C2)C1(C)NC)C
DB01145,5351.0,C1=CC(=CC=C1NCS(=O)O)S(=O)(=O)C2=CC=C(C=C2)NCS(=O)O
DB00508,5568.0,CN(C)CCCN1C2=CC=CC=C2SC3=C1C=C(C=C3)C(F)(F)F
DB00514,5360696.0,CN1CCC23CCCCC2C1CC4=C3C=C(C=C4)OC
DB00188,387447.0,B(C(CC(C)C)NC(=O)C(CC1=CC=CC=C1)NC(=O)C2=NC=CN=C2)(O)O
DB01115,4485.0,CC1=C(C(C(=C(N1)C)C(=O)OC)C2=CC=CC=C2[N+](=O)[O-])C(=O)OC
DB09220,47528.0,C1=CC(=CN=C1)C(=O)NCCO[N+](=O)[O-]
DB00796,2540.0,CCOC1=NC2=CC=CC(=C2N1CC3=CC=C(C=C3)C4=CC=CC=C4C5=NNN=N5)C(=O)OC(C)OC(=O)OC6CCCCC6
DB08816,9871419.0,CCCSC1=NC(=C2C(=N1)N(N=N2)C3CC(C(C3O)O)OCCO)NC4CC4C5=CC(=C(C=C5)F)F
DB00208,5472.0,C1CN(CC2=C1SC=C2)CC3=CC=CC=C3Cl
DB00820,110635.0,CN1CC(=O)N2C(C1=O)CC3=C(C2C4=CC5=C(C=C4)OCO5)NC6=CC=CC=C36
DB00687,31378.0,CC12CCC(=O)C=C1CCC3C2(C(CC4(C3CCC4(C(=O)CO)O)C)O)F
DB06335,11243969.0,C1C2CC2N(C1C#N)C(=O)C(C34CC5CC(C3)CC(C5)(C4)O)N
DB00196,3365.0,C1=CC(=C(C=C1F)F)C(CN2C=NC=N2)(CN3C=NC=N3)O
DB00338,4594.0,CC1=CN=C(C(=C1OC)C)CS(=O)C2=NC3=C(N2)C=C(C=C3)OC
DB00619,5291.0,CC1=C(C=C(C=C1)NC(=O)C2=CC=C(C=C2)CN3CCN(CC3)C)NC4=NC=CC(=N4)C5=CN=CC=C5
DB00794,4909.0,CCC1(C(=O)NCNC1=O)C2=CC=CC=C2
DB09143,24775005.0,CC1CN(CC(O1)C)C2=NC=C(C=C2)NC(=O)C3=CC=CC(=C3C)C4=CC=C(C=C4)OC(F)(F)F
DB06605,10182969.0,COC1=CC=C(C=C1)N2C3=C(CCN(C3=O)C4=CC=C(C=C4)N5CCCCC5=O)C(=N2)C(=O)N
DB04946,71360.0,CC(=O)C1=CC(=C(C=C1)OCCCN2CCC(CC2)C3=NOC4=C3C=CC(=C4)F)OC
DB08864,6451164.0,CC1=CC(=CC(=C1NC2=NC(=NC=C2)NC3=CC=C(C=C3)C#N)C)C=CC#N
DB00754,3292.0,CCN1C(=O)C(NC1=O)C2=CC=CC=C2
DB06287,23724530.0,CC1CCC2CC(C(=CC=CC=CC(CC(C(=O)C(C(C(=CC(C(=O)CC(OC(=O)C3CCCCN3C(=O)C(=O)C1(O2)O)C(C)CC4CCC(C(C4)OC)OC(=O)C(C)(CO)CO)C)C)O)OC)C)C)C)OC
DB00880,2720.0,C1=C2C(=CC(=C1Cl)S(=O)(=O)N)S(=O)(=O)N=CN2
DB01016,3488.0,COC1=C(C=C(C=C1)Cl)C(=O)NCCC2=CC=C(C=C2)S(=O)(=O)NC(=O)NC3CCCCC3
DB00688,5281078.0,CC1=C2COC(=O)C2=C(C(=C1OC)CC=C(C)CCC(=O)OCCN3CCOCC3)O
DB08795,15574941.0,CC1(C(N2C(S1)C(C2=O)NC(=O)C(C3=CC=CC=C3)N=[N+]=[N-])C(=O)O)C
DB00479,37768.0,C1C(C(C(C(C1NC(=O)C(CCN)O)OC2C(C(C(C(O2)CO)O)N)O)O)OC3C(C(C(C(O3)CN)O)O)O)N
DB00535,6915944.0,C=CC1=C(N2C(C(C2=O)NC(=O)C(=NO)C3=CSC(=N3)N)SC1)C(=O)O
DB00937,7029.0,CCN(CC)C(C)C(=O)C1=CC=CC=C1
DB06772,9854073.0,CC1=C2C(C(=O)C3(C(CC4C(C3C(C(C2(C)C)(CC1OC(=O)C(C(C5=CC=CC=C5)NC(=O)OC(C)(C)C)O)O)OC(=O)C6=CC=CC=C6)(CO4)OC(=O)C)OC)C)OC
DB06695,135565674.0,CCCCCCOC(=O)NC(=N)C1=CC=C(C=C1)NCC2=NC3=C(N2C)C=CC(=C3)C(=O)N(CCC(=O)OCC)C4=CC=CC=N4
DB00343,39186.0,CC(=O)OC1C(SC2=CC=CC=C2N(C1=O)CCN(C)C)C3=CC=C(C=C3)OC
DB00500,5509.0,CC1=CC=C(C=C1)C(=O)C2=CC=C(N2C)CC(=O)O
DB08916,10184653.0,CN(C)CC=CC(=O)NC1=C(C=C2C(=C1)C(=NC=N2)NC3=CC(=C(C=C3)F)Cl)OC4CCOC4
DB00450,3168.0,C1CN(CC=C1N2C3=CC=CC=C3NC2=O)CCCC(=O)C4=CC=C(C=C4)F
DB09271,20054871.0,C[N+]1(C2CC(CC1C3C2O3)OC(=O)C(CO)C4=CC=CC=C4)CC5CC5
DB00409,54477.0,CCN1CCCC1CNC(=O)C2=C(C=CC(=C2OC)Br)OC
DB06684,6918314.0,C1CN(CCN1CCCCC2=CNC3=C2C=C(C=C3)C#N)C4=CC5=C(C=C4)OC(=C5)C(=O)N
DB00327,5284570.0,CN1CCC23C4C1CC5=C2C(=C(C=C5)O)OC3C(=O)CC4
DB01247,3759.0,CC1=CC(=NO1)C(=O)NNCC2=CC=CC=C2
DB00611,6916249.0,C1CCC2(C3CC4=C(C2(C1)CCN3CC5CCC5)C=C(C=C4)O)O
DB00706,129211.0,CCOC1=CC=CC=C1OCCNC(C)CC2=CC(=C(C=C2)OC)S(=O)(=O)N
DB01012,156419.0,CC(C1=CC=CC2=CC=CC=C21)NCCCC3=CC(=CC=C3)C(F)(F)F
DB08897,11434515.0,C1C[N+]2(CCC1C(C2)OC(=O)C(C3=CC=CS3)(C4=CC=CS4)O)CCCOC5=CC=CC=C5
DB04572,5453.0,C1CN1P(=S)(N2CC2)N3CC3
DB00620,31307.0,CC12CC(C3(C(C1CC(C2(C(=O)CO)O)O)CCC4=CC(=O)C=CC43C)F)O
DB00495,35370.0,CC1=CN(C(=O)NC1=O)C2CC(C(O2)CO)N=[N+]=[N-]
DB00384,5546.0,C1=CC=C(C=C1)C2=NC3=C(N=C(N=C3N=C2N)N)N
DB09242,4810.0,CC1=NC(=C(C(=N1)Cl)NC2=NCCN2)OC
DB00280,3114.0,CC(C)N(CCC(C1=CC=CC=C1)(C2=CC=CC=N2)C(=O)N)C(C)C
DB06717,135413538.0,CC(C1=CC(=CC(=C1)C(F)(F)F)C(F)(F)F)OC2C(N(CCO2)CC3=NN(C(=O)N3)P(=O)(O)O)C4=CC=C(C=C4)F
DB00312,4737.0,CCCC(C)C1(C(=O)NC(=O)NC1=O)CC
DB06218,219078.0,CC(=O)NC(COC)C(=O)NCC1=CC=CC=C1
DB00374,6918140.0,CCCCCC(CCC1C(CC2C1CC3=C(C2)C(=CC=C3)OCC(=O)O)O)O
DB00700,443872.0,CC12CCC(=O)C=C1CC(C3C24C(O4)CC5(C3CCC56CCC(=O)O6)C)C(=O)OC
DB00136,5280453.0,CC(CCCC(C)(C)O)C1CCC2C1(CCCC2=CC=C3CC(CC(C3=C)O)O)C
DB00950,3348.0,CC(C)(C1=CC=C(C=C1)C(CCCN2CCC(CC2)C(C3=CC=CC=C3)(C4=CC=CC=C4)O)O)C(=O)O
DB00726,5584.0,CC(CN1C2=CC=CC=C2CCC3=CC=CC=C31)CN(C)C
DB01560,62258.0,CC(C(=O)C1=CC=CC=C1)N
DB01618,23897.0,CCC1=C(NC2=C1C(=O)C(CC2)CN3CCOCC3)C
DB04817,3111.0,CC1=C(C(=O)N(N1C)C2=CC=CC=C2)N(C)CS(=O)(=O)O
DB00875,5281881.0,C1CN(CCN1CCC=C2C3=CC=CC=C3SC4=C2C=C(C=C4)C(F)(F)F)CCO
DB01062,4634.0,CCN(CC)CC#CCOC(=O)C(C1CCCCC1)(C2=CC=CC=C2)O
DB01072,148192.0,CC(C)(C)C(C(=O)NC(CC1=CC=CC=C1)C(CN(CC2=CC=C(C=C2)C3=CC=CC=N3)NC(=O)C(C(C)(C)C)NC(=O)OC)O)NC(=O)OC
DB00540,4543.0,CNCCC=C1C2=CC=CC=C2CCC3=CC=CC=C31
DB06144,60149.0,C1CN(CCC1C2=CN(C3=C2C=C(C=C3)Cl)C4=CC=C(C=C4)F)CCN5CCNC5=O
DB00452,8378.0,C1C(C(C(C(C1N)OC2C(C(C(C(O2)CN)O)O)N)OC3C(C(C(O3)CO)OC4C(C(C(C(O4)CN)O)O)N)O)O)N
DB01150,5281006.0,CC=CC1=C(N2C(C(C2=O)NC(=O)C(C3=CC=C(C=C3)O)N)SC1)C(=O)O
DB08882,10096344.0,CC#CCN1C2=C(N=C1N3CCCC(C3)N)N(C(=O)N(C2=O)CC4=NC5=CC=CC=C5C(=N4)C)C
DB00652,441278.0,CC1C2CC3=C(C1(CCN2CC=C(C)C)C)C=C(C=C3)O
DB00321,2160.0,CN(C)CCC=C1C2=CC=CC=C2CCC3=CC=CC=C31
DB00705,5625.0,CC(C)NC1=C(N=CC=C1)N2CCN(CC2)C(=O)C3=CC4=C(N3)C=CC(=C4)NS(=O)(=O)C
DB00830,4762.0,CC1C(OCCN1)C2=CC=CC=C2
DB01274,3083544.0,CC(CC1=CC=C(C=C1)OC)NCC(C2=CC(=C(C=C2)O)NC=O)O
DB01037,26757.0,CC(CC1=CC=CC=C1)N(C)CC#C
DB00814,54677470.0,CC1=CN=C(S1)NC(=O)C2=C(C3=CC=CC=C3S(=O)(=O)N2C)O
DB00311,3295.0,CCOC1=CC2=C(C=C1)N=C(S2)S(=O)(=O)N
DB00497,5284603.0,CN1CCC23C4C(=O)CCC2(C1CC5=C3C(=C(C=C5)OC)O4)O
DB00220,64143.0,CC1=C(C=CC=C1O)C(=O)NC(CSC2=CC=CC=C2)C(CN3CC4CCCCC4CC3C(=O)NC(C)(C)C)O
DB00679,5452.0,CN1CCCCC1CCN2C3=CC=CC=C3SC4=C2C=C(C=C4)SC
DB01075,3100.0,CN(C)CCOC(C1=CC=CC=C1)C2=CC=CC=C2
DB01229,36314.0,CC1=C2C(C(=O)C3(C(CC4C(C3C(C(C2(C)C)(CC1OC(=O)C(C(C5=CC=CC=C5)NC(=O)C6=CC=CC=C6)O)O)OC(=O)C7=CC=CC=C7)(CO4)OC(=O)C)O)C)OC(=O)C
DB08895,9926791.0,CC1CCN(CC1N(C)C2=NC=NC3=C2C=CN3)C(=O)CC#N
DB00209,5284632.0,C1CC[N+]2(C1)C3CCC2CC(C3)OC(=O)C(C4=CC=CC=C4)(C5=CC=CC=C5)O
DB04924,3792.0,CN(C)CCOC1=CC=C(C=C1)CNC(=O)C2=CC(=C(C=C2)OC)OC
DB00410,446596.0,CC(C1C(O1)CC2COC(C(C2O)O)CC(=CC(=O)OCCCCCCCCC(=O)O)C)C(C)O
DB09268,5243.0,C1=CC=NC(=C1)C(C2=CC=C(C=C2)OS(=O)(=O)O)C3=CC=C(C=C3)OS(=O)(=O)O
DB00888,4033.0,CN(CCCl)CCCl
DB01656,449193.0,C1CC1COC2=C(C=CC(=C2)C(=O)NC3=C(C=NC=C3Cl)Cl)OC(F)F
DB01009,3825.0,CC(C1=CC(=CC=C1)C(=O)C2=CC=CC=C2)C(=O)O
DB09026,5493444.0,CC(C)C(CC1=CC(=C(C=C1)OC)OCCCOC)CC(C(CC(C(C)C)C(=O)NCC(C)(C)C(=O)N)O)N
DB00736,9568614.0,CC1=CN=C(C(=C1OC)C)CS(=O)C2=NC3=C(N2)C=C(C=C3)OC
DB00519,5484727.0,CCOC(=O)C(CCC1=CC=CC=C1)NC(C)C(=O)N2C3CCCCC3CC2C(=O)O
DB01600,5468.0,CC(C1=CC=C(S1)C(=O)C2=CC=CC=C2)C(=O)O
DB00608,2719.0,CCN(CC)CCCC(C)NC1=C2C=CC(=CC2=NC=C1)Cl
DB00612,2405.0,CC(C)NCC(COC1=CC=C(C=C1)COCCOC(C)C)O
DB00641,54454.0,CCC(C)(C)C(=O)OC1CC(C=C2C1C(C(C=C2)C)CCC3CC(CC(=O)O3)O)C
DB01251,91610.0,CC1(C2=C(C=C(C=C2)OC)C(=O)N(C1=O)CCC3=CC=C(C=C3)S(=O)(=O)NC(=O)NC4CCCCC4)C
DB00714,6005.0,CN1CCC2=C3C1CC4=C(C3=CC=C2)C(=C(C=C4)O)O
DB00363,135398737.0,CN1CCN(CC1)C2=NC3=C(C=CC(=C3)Cl)NC4=CC=CC=C42
DB00472,3386.0,CNCCC(C1=CC=CC=C1)OC2=CC=C(C=C2)C(F)(F)F
DB00765,441350.0,CC(CC1=CC=C(C=C1)O)(C(=O)O)N
DB01204,4212.0,C1=CC(=C2C(=C1NCCNCCO)C(=O)C3=C(C=CC(=C3C2=O)O)O)NCCNCCO
DB01556,10007.0,CC(C)(CC1=CC=C(C=C1)Cl)N
DB09080,11504295.0,CC(C)(CC1=CC=C(C=C1)OC)NCC(C2=C3C(=CC(=C2)O)NC(=O)CO3)O
DB01120,3475.0,CC1=CC=C(C=C1)S(=O)(=O)NC(=O)NN2CC3CCCC3C2
DB01601,92727.0,CC1=C(C(=CC=C1)C)OCC(=O)NC(CC2=CC=CC=C2)C(CC(CC3=CC=CC=C3)NC(=O)C(C(C)C)N4CCCNC4=O)O
DB00808,3702.0,CC1CC2=CC=CC=C2N1NC(=O)C3=CC(=C(C=C3)Cl)S(=O)(=O)N
DB00932,54682461.0,CCCC1(CC(=C(C(=O)O1)C(CC)C2=CC(=CC=C2)NS(=O)(=O)C3=NC=C(C=C3)C(F)(F)F)O)CCC4=CC=CC=C4
DB00938,5152.0,C1=CC=C(C=C1)CCCCOCCCCCCNCC(C2=CC(=C(C=C2)O)CO)O
DB00554,54676228.0,CN1C(=C(C2=CC=CC=C2S1(=O)=O)O)C(=O)NC3=CC=CC=N3
DB03619,222528.0,CC(CCC(=O)O)C1CCC2C1(C(CC3C2CCC4C3(CCC(C4)O)C)O)C
DB00559,104865.0,CC(C)(C)C1=CC=C(C=C1)S(=O)(=O)NC2=C(C(=NC(=N2)C3=NC=CC=N3)OCCO)OC4=CC=CC=C4OC
DB00181,2284.0,C1=CC(=CC=C1C(CC(=O)O)CN)Cl
DB01591,154059.0,C1CN2CCC1C(C2)OC(=O)N3CCC4=CC=CC=C4C3C5=CC=CC=C5
DB01041,5426.0,C1CC(=O)NC(=O)C1N2C(=O)C3=CC=CC=C3C2=O
DB01156,444.0,CC(C(=O)C1=CC(=CC=C1)Cl)NC(C)(C)C
DB00857,1549008.0,CC(C)(C)C#CC=CCN(C)CC1=CC=CC2=CC=CC=C21
DB04861,71301.0,C1CC2=C(C=CC(=C2)F)OC1C(CNCC(C3CCC4=C(O3)C=CC(=C4)F)O)O
DB00661,2520.0,CC(C)C(CCCN(C)CCC1=CC(=C(C=C1)OC)OC)(C#N)C2=CC(=C(C=C2)OC)OC
DB00486,5284592.0,CCCCCCC(C)(C)C1=CC(=C2C3CC(=O)CCC3C(OC2=C1)(C)C)O
DB00593,3291.0,CCC1(CC(=O)NC1=O)C
DB00924,2895.0,CN(C)CCC=C1C2=CC=CC=C2C=CC3=CC=CC=C31
DB00300,5481350.0,CC(C)OC(=O)OCOP(=O)(COC(C)CN1C=NC2=C(N=CN=C21)N)OCOC(=O)OC(C)C
DB00573,3342.0,CC(C1=CC(=CC=C1)OC2=CC=CC=C2)C(=O)O
DB00543,2170.0,C1CN(CCN1)C2=NC3=CC=CC=C3OC4=C2C=C(C=C4)Cl
DB08933,3003141.0,C1C(SC(=C(C#N)N2C=CN=C2)S1)C3=C(C=C(C=C3)Cl)Cl
DB00904,4595.0,CC1=NC=CN1CC2CCC3=C(C2=O)C4=CC=CC=C4N3C
DB09300,160883.0,CCCC[N+]1(C2CC(CC1C3C2O3)OC(=O)C(CO)C4=CC=CC=C4)C
DB00289,54841.0,CC1=CC=CC=C1OC(CCNC)C2=CC=CC=C2
DB00974,6049.0,C(CN(CC(=O)O)CC(=O)O)N(CC(=O)O)CC(=O)O
DB00457,4893.0,COC1=C(C=C2C(=C1)C(=NC(=N2)N3CCN(CC3)C(=O)C4=CC=CO4)N)OC
DB00668,5816.0,CNCC(C1=CC(=C(C=C1)O)O)O
DB06616,5328940.0,CN1CCN(CC1)CCCOC2=C(C=C3C(=C2)N=CC(=C3NC4=CC(=C(C=C4Cl)Cl)OC)C#N)OC
DB00490,2477.0,C1CCC2(C1)CC(=O)N(C(=O)C2)CCCCN3CCN(CC3)C4=NC=CC=N4
DB01045,135398735.0,CC1C=CC=C(C(=O)NC2=C(C(=C3C(=C2O)C(=C(C4=C3C(=O)C(O4)(OC=CC(C(C(C(C(C(C1O)C)O)C)OC(=O)C)C)OC)C)C)O)O)C=NN5CCN(CC5)C)C
DB00524,4170.0,CC1NC2=CC(=C(C=C2C(=O)N1C3=CC=CC=C3C)S(=O)(=O)N)Cl
DB00776,34312.0,C1C2=CC=CC=C2N(C3=CC=CC=C3C1=O)C(=O)N
DB04868,644241.0,CC1=C(C=C(C=C1)C(=O)NC2=CC(=CC(=C2)C(F)(F)F)N3C=C(N=C3)C)NC4=NC=CC(=N4)C5=CN=CC=C5
DB00206,5770.0,COC1C(CC2CN3CCC4=C(C3CC2C1C(=O)OC)NC5=C4C=CC(=C5)OC)OC(=O)C6=CC(=C(C(=C6)OC)OC)OC
DB00176,5324346.0,COCCCCC(=NOCCN)C1=CC=C(C=C1)C(F)(F)F
DB00909,5734.0,C1=CC=C2C(=C1)C(=NO2)CS(=O)(=O)N
DB02703,3000226.0,CC1C2CCC3(C(C2(CCC1O)C)C(CC4C3(CC(C4=C(CCC=C(C)C)C(=O)O)OC(=O)C)C)O)C
DB06704,60860.0,C1=CC(=CC(=C1)I)CN=C(N)N
DB00454,4058.0,CCOC(=O)C1(CCN(CC1)C)C2=CC=CC=C2
DB01624,5311507.0,C1CN(CCN1CCC=C2C3=CC=CC=C3SC4=C2C=C(C=C4)Cl)CCO
DB00258,6116.0,CC(=O)[O-].CC(=O)[O-].[Ca+2]
DB00393,4497.0,CC1=C(C(C(=C(N1)C)C(=O)OC(C)C)C2=CC(=CC=C2)[N+](=O)[O-])C(=O)OCCOC
DB00557,3658.0,C1CN(CCN1CCOCCO)C(C2=CC=CC=C2)C3=CC=C(C=C3)Cl
DB00480,216326.0,C1CC(=O)NC(=O)C1N2CC3=C(C2=O)C=CC=C3N
DB00842,4616.0,C1=CC=C(C=C1)C2=NC(C(=O)NC3=C2C=C(C=C3)Cl)O
DB01033,667490.0,C1=NC2=C(N1)C(=S)N=CN2
DB00035,5311065.0,C1CC(N(C1)C(=O)C2CSSCCC(=O)NC(C(=O)NC(C(=O)NC(C(=O)NC(C(=O)N2)CC(=O)N)CCC(=O)N)CC3=CC=CC=C3)CC4=CC=C(C=C4)O)C(=O)NC(CCCN=C(N)N)C(=O)NCC(=O)N
DB00872,151171.0,CC1=NC2=C(N1)CCN(C3=CC=CC=C32)C(=O)C4=CC=C(C=C4)NC(=O)C5=CC=CC=C5C6=CC=CC=C6
DB01032,4911.0,CCCN(CCC)S(=O)(=O)C1=CC=C(C=C1)C(=O)O
DB01059,4539.0,CCN1C=C(C(=O)C2=CC(=C(C=C21)N3CCNCC3)F)C(=O)O
DB00683,4192.0,CC1=NC=C2N1C3=C(C=C(C=C3)Cl)C(=NC2)C4=CC=CC=C4F
DB00268,5095.0,CCCN(CCC)CCC1=C2CC(=O)NC2=CC=C1
DB00690,3393.0,CCN(CC)CCN1C(=O)CN=C(C2=C1C=CC(=C2)Cl)C3=CC=CC=C3F
DB00231,5391.0,CN1C2=C(C=C(C=C2)Cl)C(=NC(C1=O)O)C3=CC=CC=C3
DB01200,31101.0,CC(C)CC1C(=O)N2CCCC2C3(N1C(=O)C(O3)(C(C)C)NC(=O)C4CN(C5CC6=C(NC7=CC=CC(=C67)C5=C4)Br)C)O
DB01390,516892.0,C(=O)(O)[O-].[Na+]
DB01264,213039.0,CC(C)CN(CC(C(CC1=CC=CC=C1)NC(=O)OC2COC3C2CCO3)O)S(=O)(=O)C4=CC=C(C=C4)N
DB00541,5388993.0,CCC1(CC2CC(C3=C(CCN(C2)C1)C4=CC=CC=C4N3)(C5=C(C=C6C(=C5)C78CCN9C7C(C=CC9)(C(C(C8N6C=O)(C(=O)OC)O)OC(=O)C)CC)OC)C(=O)OC)O
DB00564,2554.0,C1=CC=C2C(=C1)C=CC3=CC=CC=C3N2C(=O)N
DB00499,3397.0,CC(C)C(=O)NC1=CC(=C(C=C1)[N+](=O)[O-])C(F)(F)F
DB09277,14989482.0,C[N+](C)(C)CCO.[Cl-]
DB00361,5311497.0,CCC1=CC2CC(C3=C(CN(C2)C1)C4=CC=CC=C4N3)(C5=C(C=C6C(=C5)C78CCN9C7C(C=CC9)(C(C(C8N6C)(C(=O)OC)O)OC(=O)C)CC)OC)C(=O)OC
DB00277,2153.0,CN1C2=C(C(=O)N(C1=O)C)NC=N2
DB01178,2717.0,CN1C(S(=O)(=O)CCC1=O)C2=CC=C(C=C2)Cl
DB06715,4875.0,[K+].[I-]
DB00989,77991.0,CCN(C)C(=O)OC1=CC=CC(=C1)C(C)N(C)C
DB01175,146570.0,CN(C)CCCC1(C2=C(CO1)C=C(C=C2)C#N)C3=CC=C(C=C3)F
DB04825,9801.0,CC(CC1=CC=CC=C1)NCCC(C2=CC=CC=C2)C3=CC=CC=C3
DB01172,6032.0,C1C(C(C(C(C1N)OC2C(C(C(C(O2)CN)O)O)O)O)OC3C(C(C(C(O3)CO)O)N)O)N
DB01604,33478.0,CC1(C(N2C(S1)C(C2=O)NC(=O)C(C3=CC=CC=C3)N)C(=O)OCOC(=O)C(C)(C)C)C
DB00425,5732.0,CC1=CC=C(C=C1)C2=C(N3C=C(C=CC3=N2)C)CC(=O)N(C)C
DB08910,134780.0,C1CC(=O)NC(=O)C1N2C(=O)C3=C(C2=O)C(=CC=C3)N
DB00285,5656.0,CN(C)CC(C1=CC=C(C=C1)OC)C2(CCCCC2)O
DB00404,2118.0,CC1=NN=C2N1C3=C(C=C(C=C3)Cl)C(=NC2)C4=CC=CC=C4
DB04841,941361.0,C1CN(CCN1CC=CC2=CC=CC=C2)C(C3=CC=C(C=C3)F)C4=CC=C(C=C4)F
DB09104,73981.0,[OH-].[OH-].[Mg+2]
DB00494,5281081.0,CCN(CC)C(=O)C(=CC1=CC(=C(C(=C1)O)O)[N+](=O)[O-])C#N
DB00946,54680692.0,CCC(C1=CC=CC=C1)C2=C(C3=CC=CC=C3OC2=O)O
DB06441,9854012.0,CSCCNC1=C2C(=NC(=N1)SCCC(F)(F)F)N(C=N2)C3C(C(C(O3)COP(=O)(O)OP(=O)(C(P(=O)(O)O)(Cl)Cl)O)O)O
DB06603,6918837.0,CC1=C(C2=CC=CC=C2N1)CCNCC3=CC=C(C=C3)C=CC(=O)NO
DB01590,6442177.0,CC1CCC2CC(C(=CC=CC=CC(CC(C(=O)C(C(C(=CC(C(=O)CC(OC(=O)C3CCCCN3C(=O)C(=O)C1(O2)O)C(C)CC4CCC(C(C4)OC)OCCO)C)C)O)OC)C)C)C)OC
DB00379,4178.0,CC1=C(C(=CC=C1)C)OCC(C)N
DB00980,208902.0,CCC(=O)NCCC1CCC2=C1C3=C(C=C2)OCC3
DB01126,6918296.0,CC12CCC3C(C1CCC2C(=O)NC4=C(C=CC(=C4)C(F)(F)F)C(F)(F)F)CCC5C3(C=CC(=O)N5)C
DB00633,5311068.0,CC1=C(C(=CC=C1)C(C)C2=CN=CN2)C
DB01353,6473.0,CCCCC1(C(=O)NC(=O)NC1=O)CC
DB01214,31477.0,CC1=CC(=C(C(=C1OC(=O)C)C)C)OCC(CNC(C)C)O
DB01169,261004.0,O=[As]O[As]=O
DB00091,5284373.0,CCC1C(=O)N(CC(=O)N(C(C(=O)NC(C(=O)N(C(C(=O)NC(C(=O)NC(C(=O)N(C(C(=O)N(C(C(=O)N(C(C(=O)N(C(C(=O)N1)C(C(C)CC=CC)O)C)C(C)C)C)CC(C)C)C)CC(C)C)C)C)C)CC(C)C)C)C(C)C)CC(C)C)C)C
DB06589,10113978.0,CC1=C(C=C(C=C1)NC2=NC=CC(=N2)N(C)C3=CC4=NN(C(=C4C=C3)C)C)S(=O)(=O)N
DB00455,3957.0,CCOC(=O)N1CCC(=C2C3=C(CCC4=C2N=CC=C4)C=C(C=C3)Cl)CC1
DB00677,5936.0,CC(C)OP(=O)(OC(C)C)F
DB01069,4927.0,CC(CN1C2=CC=CC=C2SC3=CC=CC=C31)N(C)C
DB09280,16678941.0,CC1=C(N=C(C=C1)NC(=O)C2(CC2)C3=CC4=C(C=C3)OC(O4)(F)F)C5=CC(=CC=C5)C(=O)O
DB08794,54685524.0,CCOC(=O)C(C1=C(C2=CC=CC=C2OC1=O)O)C3=C(C4=CC=CC=C4OC3=O)O
DB00635,5865.0,CC12CC(=O)C3C(C1CCC2(C(=O)CO)O)CCC4=CC(=O)C=CC34C
DB00498,4760.0,C1=CC=C(C=C1)C2C(=O)C3=CC=CC=C3C2=O
DB00398,216239.0,CNC(=O)C1=NC=CC(=C1)OC2=CC=C(C=C2)NC(=O)NC3=CC(=C(C=C3)Cl)C(F)(F)F
DB00867,33572.0,CC(C(C1=CC=C(C=C1)O)O)NCCC2=CC=C(C=C2)O
DB00945,2244.0,CC(=O)OC1=CC=CC=C1C(=O)O
DB00250,2955.0,C1=CC(=CC=C1N)S(=O)(=O)C2=CC=C(C=C2)N
DB01015,5329.0,CC1=CC(=NO1)NS(=O)(=O)C2=CC=C(C=C2)N
DB00515,441203.0,N.N.Cl[Pt+2]Cl
DB00692,5775.0,CC1=CC=C(C=C1)N(CC2=NCCN2)C3=CC(=CC=C3)O
DB00399,68740.0,C1=CN(C=N1)CC(O)(P(=O)(O)O)P(=O)(O)O
DB00528,65866.0,CC1=C(C(C(=C(N1)C)C(=O)OC(C)(C)CN(C)CCC(C2=CC=CC=C2)C3=CC=CC=C3)C4=CC(=CC=C4)[N+](=O)[O-])C(=O)OC
DB01377,6850729.0,[O-2].[Mg+2]
DB00263,5344.0,CC1=C(ON=C1C)NS(=O)(=O)C2=CC=C(C=C2)N
DB01068,2802.0,C1C(=O)NC2=C(C=C(C=C2)[N+](=O)[O-])C(=N1)C3=CC=CC=C3Cl
DB00370,4205.0,CN1CCN2C(C1)C3=CC=CC=C3CC4=C2N=CC=C4
DB00916,4173.0,CC1=NC=C(N1CCO)[N+](=O)[O-]
DB09038,11949646.0,C1COCC1OC2=CC=C(C=C2)CC3=C(C=CC(=C3)C4C(C(C(C(O4)CO)O)O)O)Cl
DB01203,39147.0,CC(C)(C)NCC(COC1=CC=CC2=C1CC(C(C2)O)O)O
DB00477,2726.0,CN(C)CCCN1C2=CC=CC=C2SC3=C1C=C(C=C3)Cl
DB00224,5362440.0,CC(C)(C)NC(=O)C1CN(CCN1CC(CC(CC2=CC=CC=C2)C(=O)NC3C(CC4=CC=CC=C34)O)O)CC5=CN=CC=C5
DB00897,5556.0,CC1=NN=C2N1C3=C(C=C(C=C3)Cl)C(=NC2)C4=CC=CC=C4Cl
DB00549,5717.0,CC1=CC=CC=C1S(=O)(=O)NC(=O)C2=CC(=C(C=C2)CC3=CN(C4=C3C=C(C=C4)NC(=O)OC5CCCC5)C)OC
DB00295,5288826.0,CN1CCC23C4C1CC5=C2C(=C(C=C5)O)OC3C(C=C4)O
DB05239,16222096.0,C1CCNC(C1)C2(CN(C2)C(=O)C3=C(C(=C(C=C3)F)F)NC4=C(C=C(C=C4)I)F)O
DB08899,15951529.0,CC1(C(=O)N(C(=S)N1C2=CC(=C(C=C2)C(=O)NC)F)C3=CC(=C(C=C3)C#N)C(F)(F)F)C
DB00358,4046.0,C1CCNC(C1)C(C2=CC(=NC3=C2C=CC=C3C(F)(F)F)C(F)(F)F)O
DB06700,125017.0,CN(C)CC(C1=CC=C(C=C1)O)C2(CCCCC2)O
DB08815,213046.0,C1CCC(C(C1)CN2CCN(CC2)C3=NSC4=CC=CC=C43)CN5C(=O)C6C7CCC(C7)C6C5=O
DB01129,5029.0,CC1=C(C=CN=C1CS(=O)C2=NC3=CC=CC=C3N2)OCCCOC
DB01132,4829.0,CCC1=CN=C(C=C1)CCOC2=CC=C(C=C2)CC3C(=O)NC(=O)S3
DB06690,948.0,[N-]=[N+]=O
DB00610,5906.0,CC(C(C1=CC(=CC=C1)O)O)N
DB00014,5311128.0,CC(C)CC(C(=O)NC(CCCN=C(N)N)C(=O)N1CCCC1C(=O)NNC(=O)N)NC(=O)C(COC(C)(C)C)NC(=O)C(CC2=CC=C(C=C2)O)NC(=O)C(CO)NC(=O)C(CC3=CNC4=CC=CC=C43)NC(=O)C(CC5=CN=CN5)NC(=O)C6CCC(=O)N6
DB06781,443936.0,CCCC(=O)OC1(CCC2C1(CC(C3(C2CC(C4=CC(=O)C=CC43C)F)F)O)C)C(=O)COC(=O)C
DB00955,441306.0,CCNC1CC(C(C(C1OC2C(C(C(CO2)(C)O)NC)O)O)OC3C(CC=C(O3)CN)N)N
DB00344,4976.0,CNCCCC1C2=CC=CC=C2C=CC3=CC=CC=C13
DB01392,8969.0,COC(=O)C1C(CCC2C1CC3C4=C(CCN3C2)C5=CC=CC=C5N4)O
DB00697,5487.0,C1CN=C(N1)NC2=C(C=CC3=NSN=C32)Cl
DB09073,5330286.0,CC1=C(C(=O)N(C2=NC(=NC=C12)NC3=NC=C(C=C3)N4CCNCC4)C5CCCC5)C(=O)C
DB01239,667467.0,CN(C)CCC=C1C2=CC=CC=C2SC3=C1C=C(C=C3)Cl
DB01197,44093.0,CC(CS)C(=O)N1CCCC1C(=O)O
DB00414,1989.0,CC(=O)C1=CC=C(C=C1)S(=O)(=O)NC(=O)NC2CCCCC2
DB00684,36294.0,C1C(C(C(C(C1N)OC2C(C(C(C(O2)CO)O)N)O)O)OC3C(CC(C(O3)CN)O)N)N
DB00307,82146.0,CC1=CC2=C(C=C1C(=C)C3=CC=C(C=C3)C(=O)O)C(CCC2(C)C)(C)C
DB00248,54746.0,CCNC(=O)N(CCCN(C)C)C(=O)C1CC2C(CC3=CNC4=CC=CC2=C34)N(C1)CC=C
DB06707,164739.0,CC(C(C1=CC(=C(C=C1)O)O)O)N
DB01241,3463.0,CC1=CC(=C(C=C1)C)OCCCC(C)(C)C(=O)O
DB06698,2366.0,CNCCC1=CC=CC=N1
DB00191,4771.0,CC(C)(CC1=CC=CC=C1)N
DB00831,5566.0,CN1CCN(CC1)CCCN2C3=CC=CC=C3SC4=C2C=C(C=C4)C(F)(F)F
DB00598,3869.0,CC(CCC1=CC=CC=C1)NCC(C2=CC(=C(C=C2)O)C(=O)N)O
DB01427,3698.0,C1=CN=CC=C1C2=CNC(=O)C(=C2)N
DB00742,6251.0,C(C(C(C(C(CO)O)O)O)O)O
DB00761,4873.0,[Cl-].[K+]
DB00434,2913.0,CN1CCC(=C2C3=CC=CC=C3C=CC4=CC=CC=C42)CC1
DB06209,6918456.0,CC(=O)OC1=CC2=C(S1)CCN(C2)C(C3=CC=CC=C3F)C(=O)C4CC4
DB09267,6918182.0,C(C1=C(SC(=C1C#N)N(CC(=O)[O-])CC(=O)[O-])C(=O)[O-])C(=O)[O-].[Sr+2].[Sr+2]
DB01171,4235.0,C1COCCN1CCNC(=O)C2=CC=C(C=C2)Cl
DB04884,71353.0,CN(C)C(CCOC1=CC=CC2=CC=CC=C21)C3=CC=CC=C3
DB04339,193653.0,C(C(C(=O)O)N)SCC(=O)O
DB00335,2249.0,CC(C)NCC(COC1=CC=C(C=C1)CC(=O)N)O
DB01354,10518.0,CCC1(C(=O)NC(=O)NC1=O)C2=CCCCCC2
DB06696,68682.0,C1CC(C(OC1CN)OC2C(CC(C(C2O)OC3C(C(C(C(O3)CO)O)N)O)NC(=O)C(CCN)O)N)N
DB00695,3440.0,C1=COC(=C1)CNC2=CC(=C(C=C2C(=O)O)S(=O)(=O)N)Cl
DB04845,6445540.0,CC1CCCC2(C(O2)CC(NC(=O)CC(C(C(=O)C(C1O)C)(C)C)O)C(=CC3=CSC(=N3)C)C)C
DB00007,657181.0,CCNC(=O)C1CCCN1C(=O)C(CCCN=C(N)N)NC(=O)C(CC(C)C)NC(=O)C(CC(C)C)NC(=O)C(CC2=CC=C(C=C2)O)NC(=O)C(CO)NC(=O)C(CC3=CNC4=CC=CC=C43)NC(=O)C(CC5=CN=CN5)NC(=O)C6CCC(=O)N6
DB08901,24826799.0,CC1=C(C=C(C=C1)C(=O)NC2=CC(=C(C=C2)CN3CCN(CC3)C)C(F)(F)F)C#CC4=CN=C5N4N=CC=C5
DB00266,54676038.0,C1=CC=C2C(=C1)C(=C(C(=O)O2)CC3=C(C4=CC=CC=C4OC3=O)O)O
DB00320,10531.0,CC1(C(=O)N2C(C(=O)N3CCCC3C2(O1)O)CC4=CC=CC=C4)NC(=O)C5CC6C(CC7=CNC8=CC=CC6=C78)N(C5)C
DB00604,6917698.0,COC1CN(CCC1NC(=O)C2=CC(=C(C=C2OC)N)Cl)CCCOC3=CC=C(C=C3)F
DB06288,2159.0,CCN1CCCC1CNC(=O)C2=CC(=C(C=C2OC)N)S(=O)(=O)CC
DB01118,2157.0,CCCCC1=C(C2=CC=CC=C2O1)C(=O)C3=CC(=C(C(=C3)I)OCCN(CC)CC)I
DB09273,50942.0,CN1C2=C(C(=O)N(C1=O)C)N(C=N2)CC3OCCO3
DB06207,5312125.0,CC(CC1=CC2=C(C(=C1)C(=O)N)N(CC2)CCCO)NCCOC3=CC=CC=C3OCC(F)(F)F
DB01278,137699448.0,CCC(C)C(C(=O)NC(CC(C)C)C(=O)N1CCCC1C(=O)N2CCCC2C(=O)NC(C(C)O)C(=O)NC(CC(=O)N)C(=O)NC(C(C)C)C(=O)NCC(=O)NC(CO)C(=O)NC(CC(=O)N)C(=O)NC(C(C)O)C(=O)NC(CC3=CC=C(C=C3)O)C(=O)N)NC(=O)C4CCCN4C(=O)CNC(=O)C(CC5=CC=CC=C5)NC(=O)C(CC(=O)N)NC(=O)C(CC(=O)N)NC(=O)C(CO)NC(=O)C(CO)NC(=O)C(CC6=CN=CN6)NC(=O)C(C(C)C)NC(=O)C(CC(C)C)NC(=O)C(CC7=CC=CC=C7)NC(=O)C(CC(=O)N)NC(=O)C(C)NC(=O)C(CC(C)C)NC(=O)C(CCCNC(=N)N)NC(=O)C(CCC(=O)N)NC(=O)C(C(C)O)NC(=O)C(C)NC(=O)C8CSSCC(C(=O)NC(C(=O)NC(C(=O)NC(C(=O)NC(C(=O)N8)C(C)O)C)C(C)O)CC(=O)N)NC(=O)C(CCCCN)N
DB01409,5487427.0,C[N+]1(C2CC(CC1C3C2O3)OC(=O)C(C4=CC=CS4)(C5=CC=CS5)O)C
DB00332,657309.0,CC(C)[N+]1(C2CCC1CC(C2)OC(=O)C(CO)C3=CC=CC=C3)C
DB00782,4934.0,CC(C)[N+](C)(CCOC(=O)C1C2=CC=CC=C2OC3=CC=CC=C13)C(C)C
DB00722,5362119.0,C1CC(N(C1)C(=O)C(CCCCN)NC(CCC2=CC=CC=C2)C(=O)O)C(=O)O
DB09048,6451149.0,CC1=CC=CC=C1C2=CC(=NC=C2N(C)C(=O)C(C)(C)C3=CC(=CC(=C3)C(F)(F)F)C(F)(F)F)N4CCN(CC4)C
DB06706,22297.0,CC(CCC=C(C)C)NC
DB00883,6883.0,C1C(C2C(O1)C(CO2)O[N+](=O)[O-])O[N+](=O)[O-]
DB09097,3086401.0,CCCN1CC(CC2C1CC3=C(C2)C(=CC=C3)O)NS(=O)(=O)N(CC)CC
DB00246,60854.0,C1CN(CCN1CCC2=C(C=C3C(=C2)CC(=O)N3)Cl)C4=NSC5=CC=CC=C54
DB00313,3121.0,CCCC(CCC)C(=O)O
DB00732,47320.0,C[N+]1(CCC2=CC(=C(C=C2C1CC3=CC(=C(C=C3)OC)OC)OC)OC)CCC(=O)OCCCCCOC(=O)CC[N+]4(CCC5=CC(=C(C=C5C4CC6=CC(=C(C=C6)OC)OC)OC)OC)C.C1=CC=C(C=C1)S(=O)(=O)[O-].C1=CC=C(C=C1)S(=O)(=O)[O-]
DB06697,68911.0,CC1CCC2C(C(OC3C24C1CCC(O3)(OO4)C)OC)C
DB00304,40973.0,CCC12CC(=C)C3C(C1CCC2(C#C)O)CCC4=CCCCC34
DB03880,5362422.0,CC(C)CC(C(CSC1=CC=CS1)C(=O)NO)C(=O)NC(CC2=CC=CC=C2)C(=O)NC
DB04574,3001028.0,CC12CCC3C(C1CCC2=O)CCC4=C3C=CC(=C4)OS(=O)(=O)O
DB00281,3676.0,CCN(CC)CC(=O)NC1=C(C=CC=C1C)C
DB01210,39468.0,CC(C)(C)NCC(COC1=CC=CC2=C1CCCC2=O)O
DB00686,37720.0,C1C(C(C(C(O1)OC2COC(C(C2OS(=O)(=O)O)OS(=O)(=O)O)O)OS(=O)(=O)O)OS(=O)(=O)O)O
DB01253,443884.0,CC(CO)NC(=O)C1CN(C2CC3=CNC4=CC=CC(=C34)C2=C1)C
DB00264,4171.0,CC(C)NCC(COC1=CC=C(C=C1)CCOC)O
DB00322,5790.0,C1C(C(OC1N2C=C(C(=O)NC2=O)F)CO)O
DB00440,5578.0,COC1=CC(=CC(=C1OC)OC)CC2=CN=C(N=C2N)N
DB06414,193962.0,CC1=CC(=CC(=C1OC2=NC(=NC(=C2Br)N)NC3=CC=C(C=C3)C#N)C)C#N
DB01001,2083.0,CC(C)(C)NCC(C1=CC(=C(C=C1)O)CO)O
DB01365,3677.0,CC(C)(CC1=CC=CC=C1)NC
DB01018,3519.0,C1=CC(=C(C(=C1)Cl)CC(=O)N=C(N)N)Cl
DB01087,4908.0,CC(CCCN)NC1=C2C(=CC(=C1)OC)C=CC=N2
DB00555,3878.0,C1=CC(=C(C(=C1)Cl)Cl)C2=C(N=C(N=N2)N)N
DB01612,10026.0,CCCCCON=O
DB09112,24529.0,N(=O)O
DB00269,11289.0,COC1=CC=C(C=C1)C(=C(C2=CC=C(C=C2)OC)Cl)C3=CC=C(C=C3)OC
DB06413,9690109.0,C1=CC=C(C=C1)C(C2=CC=CC=C2)S(=O)CC(=O)N
DB00863,5039.0,CNC(=C[N+](=O)[O-])NCCSCC1=CC=C(O1)CN(C)C
DB00492,9601226.0,CCC(=O)OC(C(C)C)OP(=O)(CCCCC1=CC=CC=C1)CC(=O)N2CC(CC2C(=O)O)C3CCCCC3
DB00976,3002190.0,CCC1C2(C(C(C(=O)C(CC(C(C(C(=O)C(C(=O)O1)C)C)OC3C(C(CC(O3)C)N(C)C)O)(C)OC)C)C)N(C(=O)O2)CCCCN4C=C(N=C4)C5=CN=CC=C5)C
DB00331,4091.0,CN(C)C(=N)N=C(N)N
DB00356,2733.0,C1=CC2=C(C=C1Cl)NC(=O)O2
DB09117,31264.0,CC1OC(OC(O1)C)C
DB00537,2764.0,C1CC1N2C=C(C(=O)C3=CC(=C(C=C32)N4CCNCC4)F)C(=O)O
DB00906,60648.0,CC1=C(SC=C1)C(=CCCN2CCCC(C2)C(=O)O)C3=C(C=CS3)C
DB00178,5362129.0,CCOC(=O)C(CCC1=CC=CC=C1)NC(C)C(=O)N2C3CCCC3CC2C(=O)O
DB00615,135398743.0,CC1C=CC=C(C(=O)N=C2C(=C3C(=C4C2=NC5(N4)CCN(CC5)CC(C)C)C6=C(C(=C3O)C)OC(C6=O)(OC=CC(C(C(C(C(C(C1O)C)O)C)OC(=O)C)C)OC)C)O)C
DB00475,2712.0,CN=C1CN(C(=C2C=C(C=CC2=N1)Cl)C3=CC=CC=C3)O
DB01076,60823.0,CC(C)C1=C(C(=C(N1CCC(CC(CC(=O)O)O)O)C2=CC=C(C=C2)F)C3=CC=CC=C3)C(=O)NC4=CC=CC=C4
DB00318,5284371.0,CN1CCC23C4C1CC5=C2C(=C(C=C5)OC)OC3C(C=C4)O
DB09049,56959087.0,COCCOCCOCCOCCOCCOCCOCCOC1CCC2(C3CC4=C5C2(C1OC5=C(C=C4)O)CCN3CC=C)O
DB00977,5991.0,CC12CCC3C(C1CCC2(C#C)O)CCC4=C3C=CC(=C4)O
DB00749,3308.0,CCC1=C2C(=CC=C1)C3=C(N2)C(OCC3)(CC)CC(=O)O
DB00889,5284566.0,CN1C2CCCC1CC(C2)NC(=O)C3=NN(C4=CC=CC=C43)C
DB00915,2130.0,C1C2CC3CC1CC(C2)(C3)N
DB00586,3033.0,C1=CC=C(C(=C1)CC(=O)O)NC2=C(C=CC=C2Cl)Cl
DB00465,3826.0,C1CN2C(=CC=C2C(=O)C3=CC=CC=C3)C1C(=O)O
DB00662,5577.0,CN(C)CCOC1=CC=C(C=C1)CNC(=O)C2=CC(=C(C(=C2)OC)OC)OC
DB06210,135449332.0,CC1=C(C=C(C=C1)N2C(=O)C(=C(N2)C)N=NC3=CC=CC(=C3O)C4=CC(=CC=C4)C(=O)O)C
DB11110,6099959.0,C(C(=O)[O-])C(CC(=O)[O-])(C(=O)[O-])O.C(C(=O)[O-])C(CC(=O)[O-])(C(=O)[O-])O.[Mg+2].[Mg+2].[Mg+2]
DB00512,14969.0,CC1C(C(CC(O1)OC2C(C(C(OC2OC3=C4C=C5C=C3OC6=C(C=C(C=C6)C(C(C(=O)NC(C(=O)NC5C(=O)NC7C8=CC(=C(C=C8)O)C9=C(C=C(C=C9O)O)C(NC(=O)C(C(C1=CC(=C(O4)C=C1)Cl)O)NC7=O)C(=O)O)CC(=O)N)NC(=O)C(CC(C)C)NC)O)Cl)CO)O)O)(C)N)O
DB09075,10280735.0,CN1CCC2=C(C1)SC(=N2)C(=O)NC3CC(CCC3NC(=O)C(=O)NC4=NC=C(C=C4)Cl)C(=O)N(C)C
DB01206,3950.0,C1CCC(CC1)NC(=O)N(CCCl)N=O
DB09083,132999.0,CN(CCCN1CCC2=CC(=C(C=C2CC1=O)OC)OC)CC3CC4=CC(=C(C=C34)OC)OC
DB00803,44144393.0,CCC(C)CCCC(=O)NC(CCN)C(=O)NC(C(C)O)C(=O)NC(CCN)C(=O)NC1CCNC(=O)C(NC(=O)C(NC(=O)C(NC(=O)C(NC(=O)C(NC(=O)C(NC1=O)CCN)CC(C)C)CC(C)C)CCN)CCN)C(C)O
DB00979,2905.0,CN(C)CCOC(=O)C(C1=CC=CC=C1)C2(CCCC2)O
DB00748,2564.0,CN(C)CCOC(C1=CC=C(C=C1)Cl)C2=CC=CC=N2
DB00674,9651.0,CN1CCC23C=CC(CC2OC4=C(C=CC(=C34)C1)OC)O
DB01063,17676.0,CC(=O)C1=CC2=C(C=C1)SC3=CC=CC=C3N2CCCN4CCN(CC4)CCO
DB00387,4919.0,C1CCC(CC1)C(CCN2CCCC2)(C3=CC=CC=C3)O
DB09119,179344.0,CC(=O)OC1CC2=CC=CC=C2N(C3=CC=CC=C13)C(=O)N
DB06702,6918558.0,CC(C)C(=O)OC1=C(C=C(C=C1)CO)C(CCN(C(C)C)C(C)C)C2=CC=CC=C2
DB04908,6918248.0,C1CN(CCN1CCN2C3=CC=CC=C3NC2=O)C4=CC=CC(=C4)C(F)(F)F
DB01067,3478.0,CC1=CN=C(C=N1)C(=O)NCCC2=CC=C(C=C2)S(=O)(=O)NC(=O)NC3CCCCC3
DB00713,6196.0,CC1=C(C(=NO1)C2=CC=CC=C2)C(=O)NC3C4N(C3=O)C(C(S4)(C)C)C(=O)O
DB00919,15541.0,CC1CC(=O)C2(C(O1)OC3C(C(C(C(C3O2)NC)O)NC)O)O
DB00436,2315.0,C1=CC=C(C=C1)CC2NC3=C(C=C(C(=C3)C(F)(F)F)S(=O)(=O)N)S(=O)(=O)N2
DB00325,11963622.0,[C-]#N.[C-]#N.[C-]#N.[C-]#N.[C-]#N.[N-]=O.[Fe+4]
DB00766,5280980.0,C1C2N(C1=O)C(C(=CCO)O2)C(=O)O
DB01111,70789202.0,CCC(C)CCCCC(=O)NC(CCNCS(=O)(=O)[O-])C(=O)NC(C(C)O)C(=O)NC(CCNCS(=O)(=O)[O-])C(=O)NC1CCNC(=O)C(NC(=O)C(NC(=O)C(NC(=O)C(NC(=O)C(NC(=O)C(NC1=O)CCNCS(=O)(=O)[O-])CC(C)C)CC(C)C)CCNCS(=O)(=O)[O-])CCNCS(=O)(=O)[O-])C(C)O
DB00678,3961.0,CCCCC1=NC(=C(N1CC2=CC=C(C=C2)C3=CC=CC=C3C4=NNN=N4)CO)Cl
DB01356,28486.0,[Li+]
DB01192,5284604.0,CN1CCC23C4C(=O)CCC2(C1CC5=C3C(=C(C=C5)O)O4)O
DB00294,6917715.0,CCC12CC(=C)C3C(C1CCC2(C#C)O)CCC4=CC(=O)CCC34
DB06626,6450551.0,CNC(=O)C1=CC=CC=C1SC2=CC3=C(C=C2)C(=NN3)C=CC4=CC=CC=N4
DB09214,667550.0,CC(C1=CC(=CC=C1)C(=O)C2=CC=CC=C2)C(=O)O
DB00861,3059.0,C1=CC(=C(C=C1C2=C(C=C(C=C2)F)F)C(=O)O)O
DB00388,6041.0,CNCC(C1=CC(=CC=C1)O)O
DB01621,62867.0,CN(C)S(=O)(=O)C1=CC2=C(C=C1)SC3=CC=CC=C3N2CCCN4CCC(CC4)CCO
DB02546,5311.0,C1=CC=C(C=C1)NC(=O)CCCCCCC(=O)NO
DB00884,5245.0,C1=CC(=CN=C1)CC(O)(P(=O)(O)O)P(=O)(O)O
DB03615,33042.0,C1C(C(C(C(C1N)OC2C(C(C(C(O2)CN)O)O)N)OC3C(C(C(O3)CO)O)O)O)N
DB00530,176870.0,COCCOC1=C(C=C2C(=C1)C(=NC=N2)NC3=CC=CC(=C3)C#C)OCCOC
DB00346,2092.0,CN(CCCNC(=O)C1CCCO1)C2=NC3=CC(=C(C=C3C(=N2)N)OC)OC
DB00421,5833.0,CC(=O)SC1CC2=CC(=O)CCC2(C3C1C4CCC5(C4(CC3)C)CCC(=O)O5)C
DB00323,4659569.0,CC1=CC=C(C=C1)C(=O)C2=CC(=C(C(=C2)O)O)[N+](=O)[O-]
DB01173,4601.0,CC1=CC=CC=C1C(C2=CC=CC=C2)OCCN(C)C
DB00187,59768.0,CC(C)NCC(COC1=CC=C(C=C1)CCC(=O)OC)O
DB00474,9034.0,CCC#CC(C)C1(C(=O)NC(=O)N(C1=O)C)CC=C
DB00835,6834.0,CN(C)CCC(C1=CC=C(C=C1)Br)C2=CC=CC=N2
DB00996,3446.0,C1CCC(CC1)(CC(=O)O)CN
DB00841,36811.0,CC(CCC1=CC=C(C=C1)O)NCCC2=CC(=C(C=C2)O)O
DB00949,3331.0,C1=CC=C(C=C1)C(COC(=O)N)COC(=O)N
DB00412,77999.0,CN(CCOC1=CC=C(C=C1)CC2C(=O)NC(=O)S2)C3=CC=CC=N3
DB00967,124087.0,C1CC2=C(C=CC(=C2)Cl)C(=C3CCNCC3)C4=C1C=CC=N4
DB01143,2141.0,C(CN)CNCCSP(=O)(O)O
DB01359,37464.0,CC(C)(C)NCC(COC1=CC=CC=C1C2CCCC2)O
DB02901,10635.0,CC12CCC(=O)CC1CCC3C2CCC4(C3CCC4O)C
DB00969,2099.0,CC1=C(N=CN1)CN2CCC3=C(C2=O)C4=CC=CC=C4N3C
DB00925,4768.0,CC(COC1=CC=CC=C1)N(CCCl)CC2=CC=CC=C2
DB00651,3182.0,CN1C2=C(C(=O)N(C1=O)C)N(C=N2)CC(CO)O
DB08820,16220172.0,CC(C)(C)C1=CC(=C(C=C1NC(=O)C2=CNC3=CC=CC=C3C2=O)O)C(C)(C)C
DB01193,1978.0,CCCC(=O)NC1=CC(=C(C=C1)OCC(CNC(C)C)O)C(=O)C
DB01165,4583.0,CC1COC2=C3N1C=C(C(=O)C3=CC(=C2N4CCN(CC4)C)F)C(=O)O
DB01220,6436173.0,CC1C=CC=C(C(=O)NC2=C(C3=C(C4=C(C(=C3O)C)OC(C4=O)(OC=CC(C(C(C(C(C(C1O)C)O)C)OC(=O)C)C)OC)C)C5=C2N6C=CC(=CC6=N5)C)O)C
DB01073,657237.0,C1=NC2=C(N=C(N=C2N1C3C(C(C(O3)CO)O)O)F)N
DB00539,3005573.0,CN(C)CCOC1=CC=C(C=C1)C(=C(CCCl)C2=CC=CC=C2)C3=CC=CC=C3
DB09079,135423438.0,CN1CCN(CC1)CC(=O)N(C)C2=CC=C(C=C2)N=C(C3=CC=CC=C3)C4=C(NC5=C4C=CC(=C5)C(=O)OC)O
DB09477,5462501.0,CC(C(=O)N1CCCC1C(=O)O)NC(CCC2=CC=CC=C2)C(=O)O
DB08896,11167602.0,CNC(=O)C1=NC=CC(=C1)OC2=CC(=C(C=C2)NC(=O)NC3=CC(=C(C=C3)Cl)C(F)(F)F)F
DB00933,4078.0,CN1CCCCC1CCN2C3=CC=CC=C3SC4=C2C=C(C=C4)S(=O)C
DB00755,444795.0,CC1=C(C(CCC1)(C)C)C=CC(=CC=CC(=CC(=O)O)C)C
DB01219,6914273.0,C1C(=O)NC(=O)N1N=CC2=CC=C(O2)C3=CC=C(C=C3)[N+](=O)[O-]
DB00588,444036.0,CCC(=O)OC1(C(CC2C1(CC(C3(C2CC(C4=CC(=O)C=CC43C)F)F)O)C)C)C(=O)SCF
DB00349,2789.0,CN1C(=O)CC(=O)N(C2=C1C=CC(=C2)Cl)C3=CC=CC=C3
DB00282,4674.0,C(CN)C(O)(P(=O)(O)O)P(=O)(O)O
DB00910,5281104.0,CC(C=CC(C)C(C)(C)O)C1CCC2C1(CCCC2=CC=C3CC(CC(C3)O)O)C
DB01355,3608.0,CC1(C(=O)NC(=O)N(C1=O)C)C2=CCCCC2
DB00708,41693.0,CCC(=O)N(C1=CC=CC=C1)C2(CCN(CC2)CCC3=CC=CS3)COC
DB01035,4913.0,CCN(CC)CCNC(=O)C1=CC=C(C=C1)N
DB00433,4917.0,CN1CCN(CC1)CCCN2C3=CC=CC=C3SC4=C2C=C(C=C4)Cl
DB01244,2351.0,CC(C)COCC(CN(CC1=CC=CC=C1)C2=CC=CC=C2)N3CCCC3
DB01579,30487.0,CC1C(OCCN1C)C2=CC=CC=C2
DB01133,60937.0,C1=CC(=CC=C1SC(P(=O)(O)O)P(=O)(O)O)Cl
DB00241,2481.0,CC(C)CC1(C(=O)NC(=O)NC1=O)CC=C
DB00175,54687.0,CCC(C)C(=O)OC1CC(C=C2C1C(C(C=C2)C)CCC(CC(CC(=O)O)O)O)O
DB00823,9270.0,CC(=O)OC1CCC2C3CCC4(C(C3CCC2=C1)CCC4(C#C)OC(=O)C)C
DB08907,24812758.0,CC1=C(C=C(C=C1)C2C(C(C(C(O2)CO)O)O)O)CC3=CC=C(S3)C4=CC=C(C=C4)F
DB00185,25137844.0,CC1OC2(CN3CCC2CC3)CS1
DB00860,5755.0,CC12CC(C3C(C1CCC2(C(=O)CO)O)CCC4=CC(=O)C=CC34C)O
DB00669,5358.0,CNS(=O)(=O)CC1=CC2=C(C=C1)NC=C2CCN(C)C
DB00199,12560.0,CCC1C(C(C(C(=O)C(CC(C(C(C(C(C(=O)O1)C)OC2CC(C(C(O2)C)O)(C)OC)C)OC3C(C(CC(O3)C)N(C)C)O)(C)O)C)C)O)(C)O
DB08872,9883933.0,CC(C)C(=O)OC(C)OC(=O)NCC1(CCCCC1)CC(=O)O
DB00660,15459.0,CC1=CC(=CC(=C1)OCC2CNC(=O)O2)C
DB01263,468595.0,CCC(C(C)O)N1C(=O)N(C=N1)C2=CC=C(C=C2)N3CCN(CC3)C4=CC=C(C=C4)OCC5CC(OC5)(CN6C=NC=N6)C7=C(C=C(C=C7)F)F
DB04843,4057.0,C[N+]1(CCCC(C1)OC(=O)C(C2=CC=CC=C2)(C3=CC=CC=C3)O)C
DB00723,6082.0,CC(C(C1=C(C=CC(=C1)OC)OC)O)N
DB01620,4761.0,CN(C)CCC(C1=CC=CC=C1)C2=CC=CC=N2
DB05246,6476.0,CC1(CC(=O)N(C1=O)C)C2=CC=CC=C2
DB00738,4735.0,C1=CC(=CC=C1C(=N)N)OCCCCCOC2=CC=C(C=C2)C(=N)N
DB09295,48229.0,C1=CC=C2C(=C1)C(OC2=O)OC(=O)C3=C(N=CC=C3)NC4=CC=CC(=C4)C(F)(F)F
DB00563,126941.0,CN(CC1=CN=C2C(=N1)C(=NC(=N2)N)N)C3=CC=C(C=C3)C(=O)NC(CCC(=O)O)C(=O)O
DB00607,8982.0,CCOC1=C(C2=CC=CC=C2C=C1)C(=O)NC3C4N(C3=O)C(C(S4)(C)C)C(=O)O
DB00985,10660.0,CN1C2=C(C(=O)N(C1=O)C)NC(=N2)Cl.CN(C)CCOC(C1=CC=CC=C1)C2=CC=CC=C2
DB00458,3696.0,CN(C)CCCN1C2=CC=CC=C2CCC3=CC=CC=C31
DB00428,29327.0,CN(C(=O)NC1C(C(C(OC1O)CO)O)O)N=O
DB00601,441401.0,CC(=O)NCC1CN(C(=O)O1)C2=CC(=C(C=C2)N3CCOCC3)F
DB00728,441290.0,CC(=O)OC1C(CC2C1(CCC3C2CCC4C3(CC(C(C4)O)N5CCOCC5)C)C)[N+]6(CCCC6)CC=C
DB01082,19649.0,CC1C(C(C(O1)OC2C(C(C(C(C2O)O)N=C(N)N)O)N=C(N)N)OC3C(C(C(C(O3)CO)O)O)NC)(C=O)O
DB08877,25126798.0,C1CCC(C1)C(CC#N)N2C=C(C=N2)C3=C4C=CNC4=NC=N3
DB06825,25074470.0,CC(C)CC(C(=O)NC(CCCN=C(N)N)C(=O)N1CCCC1C(=O)NCC(=O)N)NC(=O)C(CC2=CNC3=CC=CC=C32)NC(=O)C(CC4=CC=C(C=C4)O)NC(=O)C(CO)NC(=O)C(CC5=CNC6=CC=CC=C65)NC(=O)C(CC7=CN=CN7)NC(=O)C8CCC(=O)N8
DB00850,4748.0,C1CN(CCN1CCCN2C3=CC=CC=C3SC4=C2C=C(C=C4)Cl)CCO
DB00222,3476.0,CCC1=C(CN(C1=O)C(=O)NCCC2=CC=C(C=C2)S(=O)(=O)NC(=O)NC3CCC(CC3)C)C
DB00476,60835.0,CNCCC(C1=CC=CS1)OC2=CC=CC3=CC=CC=C32
DB08880,54684141.0,CC(=C(C#N)C(=O)NC1=CC=C(C=C1)C(F)(F)F)O
DB05109,108150.0,CC1=CC2=C(C3C4C5C6=C(C(=C7C(=C6C(N4C(C(C2)N3C)O)COC(=O)C8(CS5)C9=CC(=C(C=C9CCN8)O)OC)OCO7)C)OC(=O)C)C(=C1OC)O
DB04920,153994.0,CCCC(=O)OCOC(=O)C1=C(NC(=C(C1C2=C(C(=CC=C2)Cl)Cl)C(=O)OC)C)C
DB01144,3038.0,C1=C(C=C(C(=C1S(=O)(=O)N)Cl)Cl)S(=O)(=O)N
DB06148,4184.0,CN1CCN2C(C1)C3=CC=CC=C3CC4=CC=CC=C42
DB01463,14584.0,CCNC1C2CCC(C2)C1C3=CC=CC=C3
DB06237,9869929.0,COC1=C(C=C(C=C1)CNC2=NC(=NC=C2C(=O)NCC3=NC=CC=N3)N4CCCC4CO)Cl
DB00988,681.0,C1=CC(=C(C=C1CCN)O)O
DB06788,56927879.0,CCNC(=O)C1CCCN1C(=O)C(CCCN=C(N)N)NC(=O)C(CC(C)C)NC(=O)C(CC2=CN(C=N2)CC3=CC=CC=C3)NC(=O)C(CC4=CC=C(C=C4)O)NC(=O)C(CO)NC(=O)C(CC5=CNC6=CC=CC=C65)NC(=O)C(CC7=CN=CN7)NC(=O)C8CCC(=O)N8.CC(=O)O.CC(=O)O
DB05039,6918554.0,CCC1=C(C=C2CC(CC2=C1)NCC(C3=C4C=CC(=O)NC4=C(C=C3)O)O)CC
DB00961,4062.0,CC1=C(C(=CC=C1)C)NC(=O)C2CCCCN2C
DB04865,285033.0,CC(C)(CCCC(CC(=O)OC)(C(=O)OC1C2C3=CC4=C(C=C3CCN5C2(CCC5)C=C1OC)OCO4)O)O
DB04844,6018.0,CC(C)CC1CN2CCC3=CC(=C(C=C3C2CC1=O)OC)OC
DB01351,2164.0,CCC1(C(=O)NC(=O)NC1=O)CCC(C)C
DB01053,5904.0,CC1(C(N2C(S1)C(C2=O)NC(=O)CC3=CC=CC=C3)C(=O)O)C
DB09290,108000.0,CN1C=C(C2=CC=CC=C21)C(=O)C3CCC4=C(C3)NC=N4
DB09276,22318.0,C(C(C(=O)[O-])[S-])C(=O)[O-].[Na+].[Na+].[Au+]
DB11315,71183.0,C[N+]1(C2CC(CC1C3C2O3)OC(=O)C(CO)C4=CC=CC=C4)C
DB00745,4236.0,C1=CC=C(C=C1)C(C2=CC=CC=C2)S(=O)CC(=O)N
DB01602,441397.0,CCOC(=O)OC(C)OC(=O)C1C(SC2N1C(=O)C2NC(=O)C(C3=CC=CC=C3)N)(C)C
DB00689,19150.0,CC(=O)OCC1=C(N2C(C(C2=O)NC(=O)C(C3=CC=CC=C3)N)SC1)C(=O)O
DB01288,3343.0,CC(CC1=CC=C(C=C1)O)NCC(C2=CC(=CC(=C2)O)O)O
DB00180,82153.0,CC1(OC2CC3C4CC(C5=CC(=O)C=CC5(C4C(CC3(C2(O1)C(=O)CO)C)O)C)F)C
DB01212,5479530.0,CN1C(=NC(=O)C(=O)N1)SCC2=C(N3C(C(C3=O)NC(=O)C(=NOC)C4=CSC(=N4)N)SC2)C(=O)O
DB00371,4064.0,CCCC(C)(COC(=O)N)COC(=O)N
DB01399,5161.0,C1=CC=C(C(=C1)C(=O)OC2=CC=CC=C2C(=O)O)O
DB06292,9887712.0,CCOC1=CC=C(C=C1)CC2=C(C=CC(=C2)C3C(C(C(C(O3)CO)O)O)O)Cl
DB04953,121892.0,CCOC(=O)NC1=C(C=C(C=C1)NCC2=CC=C(C=C2)F)N
DB08822,135409642.0,CCOC1=NC2=CC=CC(=C2N1CC3=CC=C(C=C3)C4=CC=CC=C4C5=NOC(=O)N5)C(=O)OCC6=C(OC(=O)O6)C
DB00489,5253.0,CC(C)NCC(C1=CC=C(C=C1)NS(=O)(=O)C)O
DB00529,3415.0,C(=O)(O)P(=O)(O)O
DB01101,60953.0,CCCCCOC(=O)NC1=NC(=O)N(C=C1F)C2C(C(C(O2)C)O)O
DB00448,3883.0,CC1=C(C=CN=C1CS(=O)C2=NC3=CC=CC=C3N2)OCC(F)(F)F
DB00552,439693.0,C1C(C(OC1N2C=NC3=C2NC=NCC3O)CO)O
DB01097,3899.0,CC1=C(C=NO1)C(=O)NC2=CC=C(C=C2)C(F)(F)F
DB00734,5073.0,CC1=C(C(=O)N2CCCCC2=N1)CCN3CCC(CC3)C4=NOC5=C4C=CC(=C5)F
DB00254,54671203.0,CC1C2C(C3C(C(=O)C(=C(C3(C(=O)C2=C(C4=C1C=CC=C4O)O)O)O)C(=O)N)N(C)C)O
DB09030,10077130.0,CCOC(=O)NC1CCC2C(C1)CC3C(C2C=CC4=NC=C(C=C4)C5=CC(=CC=C5)F)C(OC3=O)C
DB01221,3821.0,CNC1(CCCCC1=O)C2=CC=CC=C2Cl
DB00899,60815.0,CCC(=O)N(C1=CC=CC=C1)C2(CCN(CC2)CCC(=O)OC)C(=O)OC
DB00599,3000715.0,CCCC(C)C1(C(=O)NC(=S)NC1=O)CC
DB00159,446284.0,CCC=CCC=CCC=CCC=CCC=CCCCC(=O)O
DB00444,452548.0,COC1=CC(=CC(=C1O)OC)C2C3C(COC3=O)C(C4=CC5=C(C=C24)OCO5)OC6C(C(C7C(O6)COC(O7)C8=CC=CS8)O)O
DB09209,5311356.0,CN1CCC23C4C1CC5=C2C(=C(C=C5)OCCN6CCOCC6)OC3C(C=C4)O
DB00493,5742673.0,CC(=O)OCC1=C(N2C(C(C2=O)NC(=O)C(=NOC)C3=CSC(=N3)N)SC1)C(=O)O
DB00854,5359272.0,CN1CCC23CCCCC2C1CC4=C3C=C(C=C4)O
DB06724,10112.0,C(=O)([O-])[O-].[Ca+2]
DB09101,5277135.0,CC(C)C(CO)N1C=C(C(=O)C2=C1C=C(C(=C2)CC3=C(C(=CC=C3)Cl)F)OC)C(=O)O
DB00757,3033818.0,C1C2CC3CC(CC1N3CC2=O)OC(=O)C4=CNC5=CC=CC=C54
DB00460,5362420.0,CC1=C(C2=CC3=NC(=CC4=C(C(=C(N4)C=C5C6(C(C(=CC=C6C(=N5)C=C1N2)C(=O)OC)C(=O)OC)C)C)CCC(=O)OC)C(=C3C)CCC(=O)O)C=C
DB00317,123631.0,COC1=C(C=C2C(=C1)N=CN=C2NC3=CC(=C(C=C3)F)Cl)OCCCN4CCOCC4
DB01407,2783.0,CC(C)(C)NCC(C1=CC(=C(C(=C1)Cl)N)Cl)O
DB01559,2811.0,CCC1=CC2=C(S1)N(C(=O)CN=C2C3=CC=CC=C3Cl)C
DB09210,4843.0,C1CC(=O)N(C1)CC(=O)N
DB00244,4075.0,C1=CC(=C(C=C1N)C(=O)O)O
DB00441,60750.0,C1=CN(C(=O)N=C1N)C2C(C(C(O2)CO)O)(F)F
DB00427,5282443.0,CC1=CC=C(C=C1)C(=CCN2CCCC2)C3=CC=CC=N3
DB00747,3000322.0,CN1C2CC(CC1C3C2O3)OC(=O)C(CO)C4=CC=CC=C4
DB01088,5311181.0,CC#CCC(C)C(C=CC1C(CC2C1CC(=CCCCC(=O)O)C2)O)O
DB01294,16682734.0,C1=CC=C2C(=C1)C(=O)O[Bi]O2.O
DB00290,5360373.0,CC1=C(N=C(N=C1N)C(CC(=O)N)NCC(C(=O)N)N)C(=O)NC(C(C2=CN=CN2)OC3C(C(C(C(O3)CO)O)O)OC4C(C(C(C(O4)CO)O)OC(=O)N)O)C(=O)NC(C)C(C(C)C(=O)NC(C(C)O)C(=O)NCCC5=NC(=CS5)C6=NC(=CS6)C(=O)NCCC[S+](C)C)O
DB00877,5284616.0,CC1CCC2CC(C(=CC=CC=CC(CC(C(=O)C(C(C(=CC(C(=O)CC(OC(=O)C3CCCCN3C(=O)C(=O)C1(O2)O)C(C)CC4CCC(C(C4)OC)O)C)C)O)OC)C)C)C)OC
DB00696,8223.0,CC1(C(=O)N2C(C(=O)N3CCCC3C2(O1)O)CC4=CC=CC=C4)NC(=O)C5CN(C6CC7=CNC8=CC=CC(=C78)C6=C5)C
DB08827,9853053.0,C1CN(CCC1NC(=O)C2=CC=CC=C2C3=CC=C(C=C3)C(F)(F)F)CCCCC4(C5=CC=CC=C5C6=CC=CC=C64)C(=O)NCC(F)(F)F
DB01202,5284583.0,CCC(C(=O)N)N1CCCC1=O
DB00584,5388962.0,CCOC(=O)C(CCC1=CC=CC=C1)NC(C)C(=O)N2CCCC2C(=O)O
DB00990,60198.0,CC12CCC3C(C1CCC2=O)CC(=C)C4=CC(=O)C=CC34C
DB01074,4746.0,C1CCC(CC1)C(CC2CCCCN2)C3CCCCC3
DB06711,4436.0,C1CN=C(N1)CC2=CC=CC3=CC=CC=C32
DB00544,3385.0,C1=C(C(=O)NC(=O)N1)F
DB00468,3034034.0,COC1=CC2=C(C=CN=C2C=C1)C(C3CC4CCN3CC4C=C)O
DB00710,60852.0,CCCCCN(C)CCC(O)(P(=O)(O)O)P(=O)(O)O
DB00681,5280965.0,CC1C=CC=CC=CC=CC=CC=CC=CC(CC2C(C(CC(O2)(CC(CC(C(CCC(CC(CC(=O)OC(C(C1O)C)C)O)O)O)O)O)O)O)C(=O)O)OC3C(C(C(C(O3)C)O)N)O
DB11126,9290.0,C(C(C(C(C(C(=O)[O-])O)O)O)O)O.C(C(C(C(C(C(=O)[O-])O)O)O)O)O.[Ca+2]
DB00006,16129704.0,CCC(C)C(C(=O)N1CCCC1C(=O)NC(CCC(=O)O)C(=O)NC(CCC(=O)O)C(=O)NC(CC2=CC=C(C=C2)O)C(=O)NC(CC(C)C)C(=O)O)NC(=O)C(CCC(=O)O)NC(=O)C(CCC(=O)O)NC(=O)C(CC3=CC=CC=C3)NC(=O)C(CC(=O)O)NC(=O)CNC(=O)C(CC(=O)N)NC(=O)CNC(=O)CNC(=O)CNC(=O)CNC(=O)C4CCCN4C(=O)C(CCCNC(=N)N)NC(=O)C5CCCN5C(=O)C(CC6=CC=CC=C6)N
DB04839,9880.0,CC(=O)C1(CCC2C1(CCC3C2C=C(C4=CC(=O)C5CC5C34C)Cl)C)OC(=O)C
DB00315,60857.0,CN(C)CCC1=CNC2=C1C=C(C=C2)CC3COC(=O)N3
DB00750,4906.0,CCCNC(C)C(=O)NC1=CC=CC=C1C
DB01438,4756.0,C1=CC=C(C=C1)N=NC2=C(N=C(C=C2)N)N
DB00446,5959.0,C1=CC(=CC=C1C(C(CO)NC(=O)C(Cl)Cl)O)[N+](=O)[O-]
DB00279,5920.0,C1=CC(=C(C=C1OC2=C(C=C(C=C2I)CC(C(=O)O)N)I)I)O
DB00520,3035406.0,CCC(C)CC(C)CCCCCCCCC(=O)NC1CC(C(NC(=O)C2C(CCN2C(=O)C(NC(=O)C(NC(=O)C3CC(CN3C(=O)C(NC1=O)C(C)O)O)C(C(C4=CC=C(C=C4)O)O)O)C(CCN)O)O)NCCN)O
DB01080,5665.0,C=CC(CCC(=O)O)N
DB01093,679.0,CS(=O)C
DB01039,3339.0,CC(C)OC(=O)C(C)(C)OC1=CC=C(C=C1)C(=O)C2=CC=C(C=C2)Cl
DB00975,3108.0,C1CCN(CC1)C2=NC(=NC3=C2N=C(N=C3N4CCCCC4)N(CCO)CCO)N(CCO)CCO
DB01136,2585.0,COC1=CC=CC=C1OCCNCC(COC2=CC=CC3=C2C4=CC=CC=C4N3)O
DB00283,26987.0,CC(C1=CC=CC=C1)(C2=CC=C(C=C2)Cl)OCCC3CCCN3C
DB00626,10909430.0,CCC(C)C1C(=O)NC(C(=O)NC(C(=O)NC(C(=O)NC(C(=O)NCCCCC(C(=O)NC(C(=O)N1)CCCN)NC(=O)C(C(C)CC)NC(=O)C(CCC(=O)O)NC(=O)C(CC(C)C)NC(=O)C2CSC(=N2)C(C(C)CC)N)CC(=O)N)CC(=O)O)CC3=CN=CN3)CC4=CC=CC=C4
DB01020,27661.0,C1C(C2C(O1)C(CO2)O[N+](=O)[O-])O
DB00521,2583.0,CC(C)(C)NCC(COC1=CC=CC2=C1CCC(=O)N2)O
DB00774,3647.0,C1NC2=C(C=C(C(=C2)C(F)(F)F)S(=O)(=O)N)S(=O)(=O)N1
DB00753,3763.0,C(C(F)(F)F)(OC(F)F)Cl
DB00359,5215.0,C1=CN=C(N=C1)NS(=O)(=O)C2=CC=C(C=C2)N
DB00721,4914.0,CCN(CC)CCOC(=O)C1=CC=C(C=C1)N
DB06817,54671008.0,CC1=NN=C(O1)C(=O)NC(C)(C)C2=NC(=C(C(=O)N2C)O)C(=O)NCC3=CC=C(C=C3)F
DB00968,38853.0,CC(CC1=CC(=C(C=C1)O)O)(C(=O)O)N
DB01168,4915.0,CC(C)NC(=O)C1=CC=C(C=C1)CNNC
DB00829,3016.0,CN1C(=O)CN=C(C2=C1C=CC(=C2)Cl)C3=CC=CC=C3
DB00928,9444.0,C1=NC(=NC(=O)N1C2C(C(C(O2)CO)O)O)N
DB00373,33624.0,CC(C)(C)NCC(COC1=NSN=C1N2CCOCC2)O
DB01255,11597698.0,CC(CC1=CC=CC=C1)NC(=O)C(CCCCN)N
DB00970,457193.0,CC1C(C(=O)NC(C(=O)N2CCCC2C(=O)N(CC(=O)N(C(C(=O)O1)C(C)C)C)C)C(C)C)NC(=O)C3=C4C(=C(C=C3)C)OC5=C(C(=O)C(=C(C5=N4)C(=O)NC6C(OC(=O)C(N(C(=O)CN(C(=O)C7CCCN7C(=O)C(NC6=O)C(C)C)C)C)C(C)C)C)N)C
DB00445,41867.0,CC1C(C(CC(O1)OC2CC(CC3=C2C(=C4C(=C3O)C(=O)C5=C(C4=O)C(=CC=C5)OC)O)(C(=O)CO)O)N)O
DB00531,2907.0,C1CNP(=O)(OC1)N(CCCl)CCCl
DB00395,2576.0,CCCC(C)(COC(=O)N)COC(=O)NC(C)C
DB00595,54675779.0,CC1(C2C(C3C(C(=O)C(=C(C3(C(=O)C2=C(C4=C1C=CC=C4O)O)O)O)C(=O)N)N(C)C)O)O
DB00951,3767.0,C1=CN=CC=C1C(=O)NN
DB09256,5386.0,C1CC(OC1)N2C=C(C(=O)NC2=O)F
DB00953,5078.0,CN(C)CCC1=CNC2=C1C=C(C=C2)CN3C=NC=N3
DB01149,4449.0,CCC1=NN(C(=O)N1CCOC2=CC=CC=C2)CCCN3CCN(CC3)C4=CC(=CC=C4)Cl
DB09074,23725625.0,C1CC1C(=O)N2CCN(CC2)C(=O)C3=C(C=CC(=C3)CC4=NNC(=O)C5=CC=CC=C54)F
DB09082,10184665.0,C1=CC(=C(C(=C1)Cl)COCCOCCCCCCNCC(C2=CC(=C(C=C2)O)CO)O)Cl
DB01380,5745.0,CC(=O)OCC(=O)C1(CCC2C1(CC(=O)C3C2CCC4=CC(=O)CCC34C)C)O
DB00437,135401907.0,C1=NNC2=C1C(=O)NC=N2
DB00163,14985.0,CC1=C(C2=C(CCC(O2)(C)CCCC(C)CCCC(C)CCCC(C)C)C(=C1O)C)C
DB06714,7558.0,CC(CC1CCCCC1)NC
DB09056,54260.0,CCC(C)(C)C1=CC=C(C=C1)CC(C)CN2CC(OC(C2)C)C
DB04951,40632.0,CC1=CN(C(=O)C=C1)C2=CC=CC=C2
DB00213,4679.0,COC1=C(C(=NC=C1)CS(=O)C2=NC3=C(N2)C=C(C=C3)OC(F)F)OC
DB01195,3356.0,C1CCNC(C1)CNC(=O)C2=C(C=CC(=C2)OCC(F)(F)F)OCC(F)(F)F
DB01050,3672.0,CC(C)CC1=CC=C(C=C1)C(C)C(=O)O
DB00202,5314.0,C[N+](C)(C)CCOC(=O)CCC(=O)OCC[N+](C)(C)C
DB00545,4991.0,C[N+]1=CC=CC(=C1)OC(=O)N(C)C
DB09241,6099.0,CN(C)C1=CC2=C(C=C1)N=C3C=CC(=[N+](C)C)C=C3S2.[Cl-]
DB04896,11622909.0,CCN(CC)C(=O)C1(CC1CN)C2=CC=CC=C2
DB01339,39765.0,CC(=O)OC1CC2CCC3C(C2(CC1N4CCCCC4)C)CCC5(C3CC(C5OC(=O)C)[N+]6(CCCCC6)C)C
DB00227,53232.0,CCC(C)C(=O)OC1CC(C=C2C1C(C(C=C2)C)CCC3CC(CC(=O)O3)O)C
DB00627,938.0,C1=CC(=CN=C1)C(=O)O
DB01098,446157.0,CC(C)C1=NC(=NC(=C1C=CC(CC(CC(=O)O)O)O)C2=CC=C(C=C2)F)N(C)S(=O)(=O)C
DB09034,24965990.0,CC1CCN(CCN1C(=O)C2=C(C=CC(=C2)C)N3N=CC=N3)C4=NC5=C(O4)C=CC(=C5)Cl
DB01131,6178111.0,CC(C)N=C(N)N=C(N)NC1=CC=C(C=C1)Cl
DB01198,5735.0,CN1CCN(CC1)C(=O)OC2C3=NC=CN=C3C(=O)N2C4=NC=C(C=C4)Cl
DB00121,171548.0,C1C2C(C(S1)CCCCC(=O)O)NC(=O)N2
DB06791,71349.0,CC(C)C1C(=O)NC(CSSCC(C(=O)NC(C(=O)NC(C(=O)NC(C(=O)N1)CCCCN)CC2=CNC3=CC=CC=C32)CC4=CC=C(C=C4)O)NC(=O)C(CC5=CC6=CC=CC=C6C=C5)N)C(=O)NC(C(C)O)C(=O)N
DB00694,30323.0,CC1C(C(CC(O1)OC2CC(CC3=C2C(=C4C(=C3O)C(=O)C5=C(C4=O)C(=CC=C5)OC)O)(C(=O)C)O)N)O
DB09274,6917864.0,CC1CCC2C(C(OC3C24C1CCC(O3)(OO4)C)OC(=O)CCC(=O)O)C
DB05676,11561674.0,CCOC1=C(C=CC(=C1)C(CS(=O)(=O)C)N2C(=O)C3=C(C2=O)C(=CC=C3)NC(=O)C)OC
DB01414,91562.0,CC(=O)OCC1=C(N2C(C(C2=O)NC(=O)CC#N)SC1)C(=O)O
DB00691,91270.0,CCOC(=O)C(CCC1=CC=CC=C1)NC(C)C(=O)N2CC3=CC(=C(C=C3CC2C(=O)O)OC)OC
DB01024,446541.0,CC1=C2COC(=O)C2=C(C(=C1OC)CC=C(C)CCC(=O)O)O
DB00594,16231.0,C1(=C(N=C(C(=N1)Cl)N)N)C(=O)N=C(N)N
DB06216,11954293.0,CN1CC2C(C1)C3=C(C=CC(=C3)Cl)OC4=CC=CC=C24.C(=CC(=O)O)C(=O)O
DB00378,9051.0,CC(=O)C1CCC2C1(CCC3C2C=CC4=CC(=O)CCC34C)C
DB06723,10176082.0,[OH-].[OH-].[OH-].[Al+3]
DB00763,1349907.0,CN1C=CNC1=S
DB01267,115237.0,CC1=C(C(=O)N2CCCC(C2=N1)O)CCN3CCC(CC3)C4=NOC5=C4C=CC(=C5)F
DB00851,135398738.0,CN(C)N=NC1=C(NC=N1)C(=O)N
DB06176,5352062.0,CC=C1C(=O)NC(C(=O)OC2CC(=O)NC(C(=O)NC(CSSCCC=C2)C(=O)N1)C(C)C)C(C)C
DB00218,152946.0,COC1=C2C(=CC(=C1N3CC4CCCNC4C3)F)C(=O)C(=CN2C5CC5)C(=O)O
DB00364,121494085.0,C(C1C(C(C(C(O1)OC2(C(C(C(O2)COS(=O)(=O)O[Al])OS(=O)(=O)O[Al])OS(=O)(=O)O[Al])COS(=O)(=O)O[Al])OS(=O)(=O)O[Al])OS(=O)(=O)O[Al])OS(=O)(=O)O[Al])OS(=O)(=O)O[Al].O.O.O.O.O.O.O.O.O.O.O.O.O.O.O.O.O.O.O.O.[Al]
DB01106,54385.0,CC1CN(CCC1(C2=CC=CC=C2)C(=O)O)C3CCC(CC3)(C#N)C4=CC=C(C=C4)F
DB00350,4201.0,C1CCN(CC1)C2=NC(=N)N(C(=C2)N)O
DB01357,6291.0,CC12CCC3C(C1CCC2(C#C)O)CCC4=C3C=CC(=C4)OC
DB00819,1986.0,CC(=O)NC1=NN=C(S1)S(=O)(=O)N
DB00962,5719.0,CCN(C1=CC=CC(=C1)C2=CC=NC3=C(C=NN23)C#N)C(=O)C
DB00301,21319.0,CC1=C(C(=NO1)C2=C(C=CC=C2Cl)F)C(=O)NC3C4N(C3=O)C(C(S4)(C)C)C(=O)O
DB01083,3034010.0,CCCCCCCCCCCC(CC1C(C(=O)O1)CCCCCC)OC(=O)C(CC(C)C)NC=O
DB08867,13559281.0,CC(=O)C1(CCC2C1(CC(C3=C4CCC(=O)C=C4CCC23)C5=CC=C(C=C5)N(C)C)C)O
DB00394,21700.0,CCC(=O)OCC(=O)C1(C(CC2C1(CC(C3(C2CCC4=CC(=O)C=CC43C)Cl)O)C)C)OC(=O)CC
DB09050,53234134.0,CC(C)(C(=O)O)ON=C(C1=NSC(=N1)N)C(=O)NC2C3N(C2=O)C(=C(CS3)C[N+]4=CC(=C(N4C)N)NC(=O)NCCN)C(=O)[O-]
DB01582,5327.0,CC1=CC(=NC(=N1)NS(=O)(=O)C2=CC=C(C=C2)N)C
DB00759,54675776.0,CC1(C2CC3C(C(=O)C(=C(C3(C(=O)C2=C(C4=C1C=CC=C4O)O)O)O)C(=O)N)N(C)C)O
DB06709,1993.0,CC(C[N+](C)(C)C)OC(=O)C
DB00169,5280795.0,CC(C)CCCC(C)C1CCC2C1(CCCC2=CC=C3CC(CCC3=C)O)C
DB01406,28417.0,CC12CCC3C(C1CCC2(C#C)O)CCC4=CC5=C(CC34C)C=NO5
DB09555,5281070.0,CN(C)CCC(C1=CC=C(C=C1)Cl)C2=CC=CC=N2.C(=CC(=O)O)C(=O)O
DB00216,77993.0,CN1CCCC1CC2=CNC3=C2C=C(C=C3)CCS(=O)(=O)C4=CC=CC=C4
DB01176,6726.0,CN1CCN(CC1)C(C2=CC=CC=C2)C3=CC=CC=C3
DB01058,4891.0,C1CCC(CC1)C(=O)N2CC3C4=CC=CC=C4CCN3C(=O)C2
DB01013,32798.0,CCC(=O)OC1(C(CC2C1(CC(C3(C2CCC4=CC(=O)C=CC43C)F)O)C)C)C(=O)CCl
DB01112,5479529.0,CON=C(C1=CC=CO1)C(=O)NC2C3N(C2=O)C(=C(CS3)COC(=O)N)C(=O)O
DB08826,2972.0,CC1=C(C(=O)C=CN1C)O
DB11248,443445.0,C(C(C(C(C(C(=O)[O-])O)O)O)O)O.C(C(C(C(C(C(=O)[O-])O)O)O)O)O.[Zn+2]
DB01043,4054.0,CC12CC3CC(C1)(CC(C3)(C2)N)C
DB00297,2474.0,CCCCN1CCCCC1C(=O)NC2=C(C=CC=C2C)C
DB00727,4510.0,C(C(CO[N+](=O)[O-])O[N+](=O)[O-])O[N+](=O)[O-]
DB01614,6077.0,CC(=O)C1=CC2=C(C=C1)SC3=CC=CC=C3N2CCCN(C)C
DB09009,32170.0,CCCNC(C)C(=O)NC1=C(SC=C1C)C(=O)OC
DB08932,16004692.0,CCCNS(=O)(=O)NC1=C(C(=NC=N1)OCCOC2=NC=C(C=N2)Br)C3=CC=C(C=C3)Br
DB00203,135398744.0,CCCC1=NN(C2=C1N=C(NC2=O)C3=C(C=CC(=C3)S(=O)(=O)N4CCN(CC4)C)OCC)C
DB01177,42890.0,CC1C(C(CC(O1)OC2CC(CC3=C2C(=C4C(=C3O)C(=O)C5=CC=CC=C5C4=O)O)(C(=O)C)O)N)O
DB00998,77992.0,CNC1CCC2=C(C1)C3=C(N2)C=CC(=C3)C(=O)N
DB06708,6437380.0,CCCCN(CCCC)CC(C1=CC(=CC2=C1C3=C(C2=CC4=CC=C(C=C4)Cl)C=C(C=C3)Cl)Cl)O
DB00801,31640.0,C1C(=O)N(C2=C(C=C(C=C2)Cl)C(=N1)C3=CC=CC=C3)CC(F)(F)F
DB00402,969472.0,CN1CCN(CC1)C(=O)OC2C3=NC=CN=C3C(=O)N2C4=NC=C(C=C4)Cl
DB00781,49800004.0,CCC(C)CCCCC(=O)NC(CCN)C(=O)NC(C(C)O)C(=O)NC(CCN)C(=O)NC1CCNC(=O)C(NC(=O)C(NC(=O)C(NC(=O)C(NC(=O)C(NC(=O)C(NC1=O)CCN)CC2=CC=CC=C2)CC(C)C)CCN)CCN)C(C)O
DB01162,5401.0,COC1=C(C=C2C(=C1)C(=NC(=N2)N3CCN(CC3)C(=O)C4CCCO4)N)OC
DB00565,62887.0,C[N+]1(CCC2=CC(=C(C=C2C1CC3=CC(=C(C=C3)OC)OC)OC)OC)CCC(=O)OCCCCCOC(=O)CC[N+]4(CCC5=CC(=C(C=C5C4CC6=CC(=C(C=C6)OC)OC)OC)OC)C
DB01004,135398740.0,C1=NC2=C(N1COC(CO)CO)N=C(NC2=O)N
DB00309,11643449.0,CCC1(CC2CC(C3=C(CCN(C2)C1)C4=CC=CC=C4N3)(C5=C(C=C6C(=C5)C78CCN9C7C(C=CC9)(C(C(C8N6C)(C(=O)N)O)O)CC)OC)C(=O)OC)O
DB06767,25517.0,[NH4+].[Cl-]
DB06769,65628.0,CN1C2=C(C=C(C=C2)N(CCCl)CCCl)N=C1CCCC(=O)O
DB09067,16132344.0,CCC(C)C(C(=O)NC(CO)C(=O)NC(CC(C)C)C(=O)NC(CC(=O)O)C(=O)NC(CC(C)C)C(=O)NC(C(C)O)C(=O)NC(CC1=CC=CC=C1)C(=O)NC(CC2=CN=CN2)C(=O)NC(CC(C)C)C(=O)NC(CC(C)C)C(=O)NC(CCCNC(=N)N)C(=O)NC(CCC(=O)O)C(=O)NC(C(C)C)C(=O)NC(CC(C)C)C(=O)NC(CCC(=O)O)C(=O)NC(CCSC)C(=O)NC(C(C)O)C(=O)NC(CCCCN)C(=O)NC(C)C(=O)NC(CC(=O)O)C(=O)NC(CCC(=O)N)C(=O)NC(CC(C)C)C(=O)NC(C)C(=O)NC(CCC(=O)N)C(=O)NC(CCC(=O)N)C(=O)NC(C)C(=O)NC(CC3=CN=CN3)C(=O)NC(CO)C(=O)NC(CC(=O)N)C(=O)NC(CCCNC(=N)N)C(=O)NC(CCCCN)C(=O)NC(CC(C)C)C(=O)NC(CC(C)C)C(=O)NC(CC(=O)O)C(=O)NC(C(C)CC)C(=O)NC(C)C(=O)N)NC(=O)C4CCCN4C(=O)C5CCCN5C(=O)C(CCC(=O)O)NC(=O)C(CCC(=O)N)NC(=O)C(CO)N
DB00262,2578.0,C(CCl)NC(=O)N(CCCl)N=O
DB00630,2088.0,C(CC(O)(P(=O)(O)O)P(=O)(O)O)CN
DB06410,5281107.0,CC(C)C(C)C=CC(C)C1CCC2C1(CCCC2=CC=C3CC(CC(C3=C)O)O)C
DB00852,7028.0,CC(C(C1=CC=CC=C1)O)NC
DB08930,54726191.0,CC1CCOC2N1C(=O)C3=C(C(=O)C(=CN3C2)C(=O)NCC4=C(C=C(C=C4)F)F)O
DB00788,156391.0,CC(C1=CC2=C(C=C1)C=C(C=C2)OC)C(=O)O
DB09227,443869.0,CC1=C(C(C(=C(N1)C)C(=O)OC2CCN(C2)CC3=CC=CC=C3)C4=CC(=CC=C4)[N+](=O)[O-])C(=O)OC
DB00804,3042.0,CCN(CC)CCOC(=O)C1(CCCCC1)C2CCCCC2
DB00233,4649.0,C1=CC(=C(C=C1N)O)C(=O)O
DB00613,2165.0,CCN(CC)CC1=C(C=CC(=C1)NC2=C3C=CC(=CC3=NC=C2)Cl)O
DB01218,37393.0,CCCCN(CCCC)CCC(C1=C2C=CC(=CC2=C3C=C(C=C(C3=C1)Cl)Cl)C(F)(F)F)O
DB09166,3307.0,CCC1=CC2=C(S1)N3C(=NN=C3CN=C2C4=CC=CC=C4Cl)C
DB00637,2247.0,COC1=CC=C(C=C1)CCN2CCC(CC2)NC3=NC4=CC=CC=C4N3CC5=CC=C(C=C5)F
DB00783,5757.0,CC12CCC3C(C1CCC2O)CCC4=C3C=CC(=C4)O
DB00423,4107.0,COC1=CC=CC=C1OCC(COC(=O)N)O
DB08903,5388906.0,CN(C)CCC(C1=CC=CC2=CC=CC=C21)(C(C3=CC=CC=C3)C4=C(N=C5C=CC(=CC5=C4)Br)OC)O
DB01071,4066.0,C1CN2CCC1C(C2)CN3C4=CC=CC=C4SC5=CC=CC=C53
DB06824,5565.0,C(CNCCNCCN)N
DB09322,24424.0,[O-]S(=O)(=O)[O-].[Zn+2]
DB01595,4506.0,C1C(=O)NC2=C(C=C(C=C2)[N+](=O)[O-])C(=N1)C3=CC=CC=C3
DB00184,89594.0,CN1CCCC1C2=CN=CC=C2
DB00704,5360515.0,C1CC1CN2CCC34C5C(=O)CCC3(C2CC6=C4C(=C(C=C6)O)O5)O
DB01070,5311071.0,CC1CCC(CC1=CC=C2CCCC3(C2CCC3C(C)C=CC(C)C(C)C)C)O
DB00987,6253.0,C1=CN(C(=O)N=C1N)C2C(C(C(O2)CO)O)O
DB01099,3366.0,C1=NC(=O)NC(=C1F)N
DB00341,2678.0,C1CN(CCN1CCOCC(=O)O)C(C2=CC=CC=C2)C3=CC=C(C=C3)Cl
DB00278,92722.0,CC1CCN(C(C1)C(=O)O)C(=O)C(CCCN=C(N)N)NS(=O)(=O)C2=CC=CC3=C2NCC(C3)C
DB00843,3152.0,COC1=C(C=C2C(=C1)CC(C2=O)CC3CCN(CC3)CC4=CC=CC=C4)OC
DB00449,3105.0,CC(C)(C)C(=O)OC1=C(C=C(C=C1)C(CNC)O)OC(=O)C(C)(C)C
DB01240,5282411.0,CCCCCC(C=CC1C(CC2C1CC(=CCCCC(=O)O)O2)O)O
DB01397,54684589.0,C1=CC=C(C(=C1)C(=O)O)[O-].C1=CC=C(C(=C1)C(=O)O)[O-].[Mg+2]
DB01064,3779.0,CC(C)NCC(C1=CC(=C(C=C1)O)O)O
DB09288,68865.0,CCN(CC)CC(=O)OC1=CC=C(C=C1)NC(=O)C
DB00768,5281071.0,CN(C)CCC=C1C2=CC=CC=C2COC3=C1C=C(C=C3)CC(=O)O
DB09285,72106.0,C1COCCN1CCOC(=O)C2=C(N=CC=C2)NC3=CC=CC(=C3)C(F)(F)F
DB00756,3598.0,C1=C(C(=C(C(=C1Cl)Cl)CC2=C(C(=CC(=C2Cl)Cl)Cl)O)O)Cl
DB06663,9941444.0,C1C(CN2C1C(=O)NC(C(=O)NC(C(=O)NC(C(=O)NC(C(=O)NC(C2=O)CC3=CC=CC=C3)CC4=CC=C(C=C4)OCC5=CC=CC=C5)CCCCN)CC6=CNC7=CC=CC=C76)C8=CC=CC=C8)OC(=O)NCCN
DB00703,4100.0,CC(=O)N=C1N(N=C(S1)S(=O)(=O)N)C
DB06777,10133.0,CC(CCC(=O)O)C1CCC2C1(CCC3C2C(CC4C3(CCC(C4)O)C)O)C
DB01164,5284359.0,[Cl-].[Cl-].[Ca+2]
DB01415,5282242.0,C1C=C(N2C(S1)C(C2=O)NC(=O)C(=CCC(=O)O)C3=CSC(=N3)N)C(=O)O
DB00900,135398739.0,C1CC(OC1CO)N2C=NC3=C2N=CNC3=O
DB01364,9294.0,CC(C(C1=CC=CC=C1)O)NC
DB01265,159269.0,CC1=CN(C(=O)NC1=O)C2CC(C(O2)CO)O
DB01298,5322.0,CCN1C=CC(=NC1=O)NS(=O)(=O)C2=CC=C(C=C2)N
DB00833,51039.0,C1C(=C(N2C(S1)C(C2=O)NC(=O)C(C3=CC=CC=C3)N)C(=O)O)Cl
DB08860,5282452.0,C1CC1C2=NC3=CC=CC=C3C(=C2C=CC(CC(CC(=O)O)O)O)C4=CC=C(C=C4)F
DB00166,6112.0,C1CSSC1CCCCC(=O)O
DB00270,3784.0,CC1=C(C(C(=C(N1)C)C(=O)OC(C)C)C2=CC=CC3=NON=C32)C(=O)OC
DB00847,6058.0,C(CS)N
DB00958,5352133.0,C1CC(C1)(C(=O)O)C(=O)O.N.N.[Pt+2]
DB08941,11779629.0,CC(COC1=CC=CC=C1)NC(C)C(C2=CC=C(C=C2)O)O
DB01440,10413.0,C(CC(=O)O)CO
DB00080,21585658.0,CCCCCCCCCC(=O)NC(CC1=CNC2=CC=CC=C21)C(=O)NC(CC(=O)N)C(=O)NC(CC(=O)O)C(=O)NC3C(OC(=O)C(NC(=O)C(NC(=O)C(NC(=O)CNC(=O)C(NC(=O)C(NC(=O)C(NC(=O)C(NC(=O)CNC3=O)CCCN)CC(=O)O)C)CC(=O)O)CO)C(C)CC(=O)O)CC(=O)C4=CC=CC=C4N)C
DB01007,5482.0,C1=CC(=C(C=C1Cl)Cl)C(CN2C=CN=C2)OCC3=C(SC=C3)Cl
DB00496,444031.0,C1CN(CC1C(C2=CC=CC=C2)(C3=CC=CC=C3)C(=O)N)CCC4=CC5=C(C=C4)OCC5
DB01147,6098.0,CC1=C(C(=NO1)C2=CC=CC=C2Cl)C(=O)NC3C4N(C3=O)C(C(S4)(C)C)C(=O)O
DB01627,3000540.0,CCCC1CC(N(C1)C)C(=O)NC(C2C(C(C(C(O2)SC)O)O)O)C(C)O
DB09027,67505836.0,CC(C)C(C(=O)N1CC2(CC2)CC1C3=NC=C(N3)C4=CC5=C(C=C4)C6=C(C5(F)F)C=C(C=C6)C7=CC8=C(C=C7)N=C(N8)C9C1CCC(C1)N9C(=O)C(C(C)C)NC(=O)OC)NC(=O)OC
DB00380,71384.0,CC(CN1CC(=O)NC(=O)C1)N2CC(=O)NC(=O)C2
DB00577,135398742.0,CC(C)C(C(=O)OCCOCN1C=NC2=C1N=C(NC2=O)N)N
DB03128,187.0,CC(=O)OCC[N+](C)(C)C
DB00461,4409.0,CC(=O)CCC1=CC2=C(C=C1)C=C(C=C2)OC
DB01006,3902.0,C1=CC(=CC=C1C#N)C(C2=CC=C(C=C2)C#N)N3C=NC=N3
DB01159,3562.0,C(C(F)(F)F)(Cl)Br
DB04871,11658860.0,CC1CNCCC2=C1C=C(C=C2)Cl
DB00907,446220.0,CN1C2CCC1C(C(C2)OC(=O)C3=CC=CC=C3)C(=O)OC
DB00927,3325.0,C1=C(N=C(S1)N=C(N)N)CSCCC(=NS(=O)(=O)N)N
DB00197,5591.0,CC1=C(C2=C(CCC(O2)(C)COC3=CC=C(C=C3)CC4C(=O)NC(=O)S4)C(=C1O)C)C
DB00981,5983.0,CC12CCN(C1N(C3=C2C=C(C=C3)OC(=O)NC)C)C
DB00415,6249.0,CC1(C(N2C(S1)C(C2=O)NC(=O)C(C3=CC=CC=C3)N)C(=O)O)C
DB01586,31401.0,CC(CCC(=O)O)C1CCC2C1(CCC3C2C(CC4C3(CCC(C4)O)C)O)C
DB08875,25102847.0,COC1=CC2=C(C=CN=C2C=C1OC)OC3=CC=C(C=C3)NC(=O)C4(CC4)C(=O)NC5=CC=C(C=C5)F
DB01117,74989.0,C1CC(CCC1C2=CC=C(C=C2)Cl)C3=C(C4=CC=CC=C4C(=O)C3=O)O
DB00275,158781.0,CCCC1=NC(=C(N1CC2=CC=C(C=C2)C3=CC=CC=C3C4=NNN=N4)C(=O)O)C(C)(C)O
DB06701,154101.0,COC(=O)C(C1CCCCN1)C2=CC=CC=C2
DB01331,441199.0,COC1(C2N(C1=O)C(=C(CS2)COC(=O)N)C(=O)O)NC(=O)CC3=CC=CS3
DB00764,441335.0,CC1CC2C3CCC4=CC(=O)C=CC4(C3(C(CC2(C1(C(=O)CCl)O)C)O)Cl)C
DB01291,4845.0,CC(C)(C)NCC(C1=NC(=C(C=C1)O)CO)O
DB01042,460612.0,C1=CC(=CC=C1CC(C(=O)O)N)N(CCCl)CCCl
DB09262,6433090.0,CC1=NC=CN1CCC(C2=CC=CC=C2)(C3=CC=CC=C3)C(=O)N
DB00822,3117.0,CCN(CC)C(=S)SSC(=S)N(CC)CC
DB01236,5206.0,C(OC(C(F)(F)F)C(F)(F)F)F
DB00839,5503.0,CC1=CC=C(C=C1)S(=O)(=O)NC(=O)NN2CCCCCC2
DB00590,3157.0,COC1=C(C=C2C(=C1)C(=NC(=N2)N3CCN(CC3)C(=O)C4COC5=CC=CC=C5O4)N)OC
DB09211,6438378.0,CCCCC(C)CC(C=CC1C(CC(=O)C1CCCCC=CC(=O)O)O)O
DB00553,4114.0,COC1=C2C(=CC3=C1OC=C3)C=CC(=O)O2
DB00836,3955.0,CN(C)C(=O)C(CCN1CCC(CC1)(C2=CC=C(C=C2)Cl)O)(C3=CC=CC=C3)C4=CC=CC=C4
DB01594,3033621.0,C1=CC=C(C(=C1)C2=NC(C(=O)N(C3=C2C=C(C=C3)Cl)CCC#N)O)F
DB00570,13342.0,CCC1(CC2CC(C3=C(CCN(C2)C1)C4=CC=CC=C4N3)(C5=C(C=C6C(=C5)C78CCN9C7C(C=CC9)(C(C(C8N6C)(C(=O)OC)O)OC(=O)C)CC)OC)C(=O)OC)O
DB06813,148121.0,C#CCC(CC1=CN=C2C(=N1)C(=NC(=N2)N)N)C3=CC=C(C=C3)C(=O)NC(CCC(=O)O)C(=O)O
DB00773,36462.0,CC1OCC2C(O1)C(C(C(O2)OC3C4COC(=O)C4C(C5=CC6=C(C=C35)OCO6)C7=CC(=C(C(=C7)OC)O)OC)O)O
DB09330,71496458.0,CN1C=C(C2=CC=CC=C21)C3=NC(=NC=C3)NC4=C(C=C(C(=C4)NC(=O)C=C)N(C)CCN(C)C)OC
DB04835,3002977.0,CC1=NN=C(N1C2CC3CCC(C2)N3CCC(C4=CC=CC=C4)NC(=O)C5CCC(CC5)(F)F)C(C)C
DB00596,5311167.0,CC1CC2C3CC(C4=CC(=O)C=CC4(C3(C(CC2(C1(C(=O)CCl)O)C)O)F)C)F
DB00671,5362065.0,C=CC1=C(N2C(C(C2=O)NC(=O)C(=NOCC(=O)O)C3=CSC(=N3)N)SC1)C(=O)O
DB00583,10917.0,C[N+](C)(C)CC(CC(=O)[O-])O
DB01340,56330.0,CCOC(=O)C(CCC1=CC=CC=C1)NC2CCCN3CCCC(N3C2=O)C(=O)O
DB01337,441289.0,CC(=O)OC1CC2CCC3C(C2(CC1[N+]4(CCCCC4)C)C)CCC5(C3CC(C5OC(=O)C)[N+]6(CCCCC6)C)C
DB01501,34328.0,C1CN(CCC1(C2=CC=CC=C2)C(=O)O)CCC(C#N)(C3=CC=CC=C3)C4=CC=CC=C4
DB00844,5311304.0,C1CC(C1)CN2CCC34C5C(CCC3(C2CC6=C4C(=C(C=C6)O)O5)O)O
DB06196,6918173.0,C1CCC2C(C1)CC(N2C(=O)C3CC4=CC=CC=C4CN3C(=O)C(CO)NC(=O)C(CC5=CC=CS5)NC(=O)CNC(=O)C6CC(CN6C(=O)C7CCCN7C(=O)C(CCCN=C(N)N)NC(=O)C(CCCN=C(N)N)N)O)C(=O)NC(CCCN=C(N)N)C(=O)O
DB00935,4636.0,CC1=CC(=C(C(=C1CC2=NCCN2)C)O)C(C)(C)C
DB01613,5284553.0,C(C(C(CO[N+](=O)[O-])O[N+](=O)[O-])O[N+](=O)[O-])O[N+](=O)[O-]
DB00621,5878.0,CC12CCC3C(C1CCC2(C)O)CCC4C3(COC(=O)C4)C
DB00895,45266800.0,CC1(C(NC(S1)C(C(=O)NCCCCC(C(=O)O)N)NC(=O)CC2=CC=CC=C2)C(=O)O)C.C(CCN)CC(C(=O)O)N
DB00698,6604200.0,C1C(=O)NC(=O)N1N=CC2=CC=C(O2)[N+](=O)[O-]
DB08811,5502.0,CCC1C(=NN=C(C2=CC(=C(C=C12)OC)OC)C3=CC(=C(C=C3)OC)OC)C
DB00342,5405.0,CC(C)(C)C1=CC=C(C=C1)C(CCCN2CCC(CC2)C(C3=CC=CC=C3)(C4=CC=CC=C4)O)O
DB00230,5486971.0,CC(C)CC(CC(=O)O)CN
DB00303,150610.0,CC1C2C(C(=O)N2C(=C1SC3CC(NC3)C(=O)NC4=CC=CC(=C4)C(=O)O)C(=O)O)C(C)O
DB02701,936.0,C1=CC(=CN=C1)C(=O)N
DB08439,119828.0,CCC(=O)NS(=O)(=O)C1=CC=C(C=C1)C2=C(ON=C2C3=CC=CC=C3)C
DB08934,45375808.0,CC(C)OC(=O)C(C)NP(=O)(OCC1C(C(C(O1)N2C=CC(=O)NC2=O)(C)F)O)OC3=CC=CC=C3
DB01185,6446.0,CC12CCC(=O)C=C1CCC3C2(C(CC4(C3CCC4(C)O)C)O)F
DB01019,2370.0,CC(C[N+](C)(C)C)OC(=O)N
DB00853,5394.0,CN1C(=O)N2C=NC(=C2N=N1)C(=O)N
DB00606,2910.0,C1C2CC(C1C=C2)C3NC4=CC(=C(C=C4S(=O)(=O)N3)S(=O)(=O)N)Cl
DB00456,6024.0,CC(=O)OCC1=C(N2C(C(C2=O)NC(=O)CC3=CC=CS3)SC1)C(=O)O
DB06799,4101.0,C1N2CN3CN1CN(C2)C3
DB01261,4369359.0,C1CN2C(=NN=C2C(F)(F)F)CN1C(=O)CC(CC3=CC(=C(C=C3F)F)F)N
DB00438,5481173.0,CC(C)(C(=O)O)ON=C(C1=CSC(=N1)N)C(=O)NC2C3N(C2=O)C(=C(CS3)C[N+]4=CC=CC=C4)C(=O)[O-]
DB01128,2375.0,CC(CS(=O)(=O)C1=CC=C(C=C1)F)(C(=O)NC2=CC(=C(C=C2)C#N)C(F)(F)F)O
DB09292,9811834.0,CCOC(=O)C(C)CC(CC1=CC=C(C=C1)C2=CC=CC=C2)NC(=O)CCC(=O)O
DB00561,3156.0,CCN1CC(C(C1=O)(C2=CC=CC=C2)C3=CC=CC=C3)CCN4CCOCC4
DB01194,68844.0,CCNC1CN(S(=O)(=O)C2=C1C=C(S2)S(=O)(=O)N)CCCOC
DB01607,36921.0,CC1(C(N2C(S1)C(C2=O)NC(=O)C(C3=CSC=C3)C(=O)O)C(=O)O)C
DB08887,9831415.0,CCC=CCC=CCC=CCC=CCC=CCCCC(=O)OCC
DB01148,3354.0,CC1=C(OC2=C(C1=O)C=CC=C2C(=O)OCCN3CCCCC3)C4=CC=CC=C4
DB00720,25419.0,C(P(=O)(O)O)(P(=O)(O)O)(Cl)Cl
DB08868,107970.0,CCCCCCCCC1=CC=C(C=C1)CCC(CO)(CO)N
DB00642,135410875.0,C1=CC(=CC=C1CCC2=CNC3=C2C(=O)NC(=N3)N)C(=O)NC(CCC(=O)O)C(=O)O
DB00405,16960.0,CN(C)CCC(C1=CC=C(C=C1)Br)C2=CC=CC=N2
DB00744,60490.0,CC(C1=CC2=CC=CC=C2S1)N(C(=O)N)O
DB00964,2216.0,C1CN=C(N1)NC2=C(C=C(C=C2Cl)N)Cl
DB05294,3081361.0,CN1CCC(CC1)COC2=C(C=C3C(=C2)N=CN=C3NC4=C(C=C(C=C4)Br)F)OC
DB04837,2795.0,CN(C)CCC(C1=CC=CC=C1)(C2=CC=CC=C2Cl)O
DB01592,23925.0,[Fe]
DB00665,4493.0,CC1(C(=O)N(C(=O)N1)C2=CC(=C(C=C2)[N+](=O)[O-])C(F)(F)F)C
DB01137,149096.0,CC1COC2=C3N1C=C(C(=O)C3=CC(=C2N4CCN(CC4)C)F)C(=O)O
DB00120,6140.0,C1=CC=C(C=C1)CC(C(=O)O)N
DB01436,5282181.0,CC(C)CCCC(C)C1CCC2C1(CCCC2=CC=C3CC(CC(C3=C)O)O)C
DB00245,1201549.0,CN1C2CCC1CC(C2)OC(C3=CC=CC=C3)C4=CC=CC=C4
DB00353,8226.0,CCC(CO)NC(=O)C1CN(C2CC3=CNC4=CC=CC(=C34)C2=C1)C
DB00411,2551.0,C[N+](C)(C)CCOC(=O)N
DB00261,135409400.0,C1C2=C(C=CC(=C2Cl)Cl)N=C3N1CC(=O)N3
DB02659,221493.0,CC(CCC(=O)O)C1CCC2C1(C(CC3C2C(CC4C3(CCC(C4)O)C)O)O)C
DB01416,6335986.0,COCC1=C(N2C(C(C2=O)NC(=O)C(=NOC)C3=CSC(=N3)N)SC1)C(=O)O
DB01002,92253.0,CCCCN1CCCCC1C(=O)NC2=C(C=CC=C2C)C
DB00658,3085017.0,C=CCN.C1C(O1)CCl
DB01332,6533629.0,CON=C(C1=CSC(=N1)N)C(=O)NC2C3N(C2=O)C(=CCS3)C(=O)O
DB11093,13136.0,C(C(=O)[O-])C(CC(=O)[O-])(C(=O)[O-])O.C(C(=O)[O-])C(CC(=O)[O-])(C(=O)[O-])O.[Ca+2].[Ca+2].[Ca+2]
DB00523,449171.0,CC1=C(C(CCC1)(C)C)C=CC(=CC=CC(=CC(=O)O)C)C
DB00731,5311309.0,CC(C)C1CCC(CC1)C(=O)NC(CC2=CC=CC=C2)C(=O)O
DB06795,3998.0,C1=CC(=CC=C1CN)S(=O)(=O)N
DB00488,2123.0,CN(C)C1=NC(=NC(=N1)N(C)C)N(C)C
DB08824,3086674.0,COC(=O)C1C2CCC(N2CCCF)CC1C3=CC=C(C=C3)I
DB01330,53025.0,CN1C(=NN=N1)SCC2=C(N3C(C(C3=O)(NC(=O)C4SC(=C(C(=O)N)C(=O)O)S4)OC)SC2)C(=O)O
DB00351,11683.0,CC1=CC2C(CCC3(C2CCC3(C(=O)C)OC(=O)C)C)C4(C1=CC(=O)CC4)C
DB00459,5284513.0,CC1=CC(=C(C(=C1C=CC(=CC=CC(=CC(=O)O)C)C)C)C)OC
DB04910,4622.0,CCCOC1=CC2=C(C=C1)N=C(N2)NC(=O)OC
DB01048,441300.0,C1CC1NC2=C3C(=NC(=N2)N)N(C=N3)C4CC(C=C4)CO
DB00207,447043.0,CCC1C(C(C(N(CC(CC(C(C(C(C(C(=O)O1)C)OC2CC(C(C(O2)C)O)(C)OC)C)OC3C(C(CC(O3)C)N(C)C)O)(C)O)C)C)C)O)(C)O
DB01008,2478.0,CS(=O)(=O)OCCCCOS(=O)(=O)C
DB00400,441140.0,CC1CC(=O)C=C(C12C(=O)C3=C(O2)C(=C(C=C3OC)OC)Cl)OC
DB06792,168924.0,C(=O)([O-])[O-].C(=O)([O-])[O-].C(=O)([O-])[O-].[La+3].[La+3]
DB01256,6918462.0,CC1CCC23CCC(=O)C2C1(C(CC(C(C3C)O)(C)C=C)OC(=O)CSC4CC5CCC(C4)N5C)C
DB04831,38409.0,C1=CSC(=C1)C(=O)C2=C(C(=C(C=C2)OCC(=O)O)Cl)Cl
DB00153,5280793.0,CC(C)C(C)C=CC(C)C1CCC2C1(CCCC2=CC=C3CC(CCC3=C)O)C
DB00352,2723601.0,C1=NC2=C(N1)C(=S)N=C(N2)N
DB01567,3369.0,CN1C(=O)CN=C(C2=C1C=CC(=C2)Cl)C3=CC=CC=C3F
DB01081,13505.0,CCOC(=O)C1(CCN(CC1)CCC(C#N)(C2=CC=CC=C2)C3=CC=CC=C3)C4=CC=CC=C4
DB00585,3033637.0,CNC(=C[N+](=O)[O-])NCCSCC1=CSC(=N1)CN(C)C
DB01103,237.0,CCN(CC)CCCC(C)NC1=C2C=C(C=CC2=NC3=C1C=CC(=C3)Cl)OC
DB01410,6918155.0,CC(C)C(=O)OCC(=O)C12C(CC3C1(CC(C4C3CCC5=CC(=O)C=CC45C)O)C)OC(O2)C6CCCCC6
DB00948,656511.0,CC1(C(N2C(S1)C(C2=O)NC(=O)C(C3=CC=CC=C3)NC(=O)N4CCN(C4=O)S(=O)(=O)C)C(=O)O)C
DB00260,6234.0,C1C(C(=O)NO1)N
DB00743,131704172.0,C1=CC=C(C=C1)COCC(C(=O)O)N(CCN(CCN(CC(=O)[O-])CC(=O)[O-])CC(=O)[O-])CC(=O)O.[Gd+3]
DB06819,4775.0,C1=CC=C(C=C1)CCCC(=O)O
DB00771,2784.0,C[N+]12CCC(CC1)C(C2)OC(=O)C(C3=CC=CC=C3)(C4=CC=CC=C4)O
DB01030,60700.0,CCC1(C2=C(COC1=O)C(=O)N3CC4=CC5=C(C=CC(=C5CN(C)C)O)N=C4C3=C2)O
DB00795,5339.0,C1=CC=NC(=C1)NS(=O)(=O)C2=CC=C(C=C2)N=NC3=CC(=C(C=C3)O)C(=O)O
DB06786,443943.0,CC1(OC2CC3C4CCC5=CC(=O)CCC5(C4(C(CC3(C2(O1)C(=O)CCl)C)O)F)C)C
DB04711,3739.0,C1=C(C(=C(C(=C1I)NC(=O)CCCCC(=O)NC2=C(C=C(C(=C2I)C(=O)O)I)I)I)C(=O)O)I
DB06274,5488548.0,CC1CN(CCC1(C)C2=CC(=CC=C2)O)CC(CC3=CC=CC=C3)C(=O)NCC(=O)O
DB09570,25183872.0,B(C(CC(C)C)NC(=O)CNC(=O)C1=C(C=CC(=C1)Cl)Cl)(O)O
DB00158,135398658.0,C1=CC(=CC=C1C(=O)NC(CCC(=O)O)C(=O)O)NCC2=CN=C3C(=N2)C(=O)NC(=N3)N
DB00929,5282381.0,CCCCC(C)(CC=CC1C(CC(=O)C1CCCCCCC(=O)OC)O)O
DB04982,164509.0,CC1CC2=CC3=C(C=C2C(=NN1C(=O)C)C4=CC=C(C=C4)N)OCO3
DB00146,5283731.0,CC(CCCC(C)(C)O)C1CCC2C1(CCCC2=CC=C3CC(CCC3=C)O)C
DB01606,123630.0,CC1(C(N2C(S1(=O)=O)CC2=O)C(=O)O)CN3C=CN=N3
DB01010,3202.0,CC[N+](C)(C)C1=CC(=CC=C1)O
DB00485,18381.0,CC1=C(C(=NO1)C2=C(C=CC=C2Cl)Cl)C(=O)NC3C4N(C3=O)C(C(S4)(C)C)C(=O)O
DB00775,60947.0,CCCCS(=O)(=O)NC(CC1=CC=C(C=C1)OCCCCC2CCNCC2)C(=O)O
DB06412,5281034.0,CC12CCC3C(C1CCC2(C)O)CCC4C3(CC(=CO)C(=O)C4)C
DB00377,6337614.0,C1CC2CN(C(=O)C3=CC=CC(=C23)C1)C4CN5CCC4CC5
DB00770,5280723.0,CCCCCC(C=CC1C(CC(=O)C1CCCCCCC(=O)O)O)O
DB00739,443387.0,CC1(C(N2C(S1)C(C2=O)N3C(=O)C(NC3(C)C)C4=CC=CC=C4)C(=O)O)C
DB01003,2882.0,C1=CC2=C(C(=C1)OCC(COC3=CC=CC4=C3C(=O)C=C(O4)C(=O)O)O)C(=O)C=C(O2)C(=O)O
DB00640,60961.0,C1=NC(=C2C(=N1)N(C=N2)C3C(C(C(O3)CO)O)O)N
DB01329,44187.0,CCN1CCN(C(=O)C1=O)C(=O)NC(C2=CC=C(C=C2)O)C(=O)NC3C4N(C3=O)C(=C(CS4)CSC5=NN=NN5C)C(=O)O
DB01005,3657.0,C(=O)(N)NO
DB00417,6869.0,CC1(C(N2C(S1)C(C2=O)NC(=O)COC3=CC=CC=C3)C(=O)O)C
DB00314,135483770.0,CC1C(=O)NC(C(=O)NC(=CNC(=O)N)C(=O)NC(C(=O)NCC(C(=O)N1)N)C2CCNC(=N2)N)CNC(=O)CC(CCCN)N.C1CNC(=NC1C2C(=O)NCC(C(=O)NC(C(=O)NC(C(=O)NC(=CNC(=O)N)C(=O)N2)CNC(=O)CC(CCCN)N)CO)N)N
DB01489,37367.0,CN1C2=C(C=C(C=C2)Cl)C(=NC(C1=O)OC(=O)N(C)C)C3=CC=CC=C3
DB01014,54585.0,C1=CC(=CC=C1C(=O)NCCC(=O)O)N=NC2=CC(=C(C=C2)O)C(=O)O
DB00210,60164.0,COC1=C(C=C(C=C1)C2=CC3=C(C=C2)C=C(C=C3)C(=O)O)C45CC6CC(C4)CC(C6)C5
DB01583,71371.0,C1=CC(=C(C=C1OC2=C(C=C(C=C2I)CC(C(=O)[O-])N)I)I)O.C1=C(C=C(C(=C1I)OC2=CC(=C(C(=C2)I)O)I)I)CC(C(=O)[O-])N.[Na+].[Na+]
DB01190,29029.0,CCCC1CC(N(C1)C)C(=O)NC(C2C(C(C(C(O2)SC)O)O)O)C(C)Cl
DB09060,9835049.0,C1CC(N2CC1N(C2=O)OS(=O)(=O)O)C(=O)N
DB00993,2265.0,CN1C=NC(=C1SC2=NC=NC3=C2NC=N3)[N+](=O)[O-]
DB00491,441314.0,C1C(C(C(C(N1CCO)CO)O)O)O
DB00982,5282379.0,CC1=C(C(CCC1)(C)C)C=CC(=CC=CC(=CC(=O)O)C)C
DB01161,8612.0,CCN(CC)CCOC(=O)C1=C(C=C(C=C1)N)Cl
DB05528,118984467.0,CC1=CN(C(=O)NC1=O)C2CC(C(O2)COP(=S)(O)OC3CC(OC3COP(=S)(O)OC4CC(OC4COP(=S)(O)OC5CC(OC5COP(=S)(O)OC6CC(OC6COP(=S)(O)OC7CC(OC7COP(=S)(O)OC8CC(OC8COP(=S)(O)OC9CC(OC9COP(=S)(O)OC1CC(OC1COP(=S)(O)OC1C(OC(C1OCCOC)N1C=C(C(=NC1=O)N)C)COP(=S)(O)OC1C(OC(C1OCCOC)N1C=C(C(=O)NC1=O)C)COP(=S)(O)OC1C(OC(C1OCCOC)N1C=C(C(=NC1=O)N)C)COP(=S)(O)OC1C(OC(C1OCCOC)N1C=C(C(=NC1=O)N)C)COP(=S)(O)OC1C(OC(C1OCCOC)N1C=NC2=C1N=C(NC2=O)N)CO)N1C=NC2=C(N=CN=C21)N)N1C=NC2=C1N=C(NC2=O)N)N1C=C(C(=O)NC1=O)C)N1C=C(C(=NC1=O)N)C)N1C=C(C(=O)NC1=O)C)N1C=NC2=C1N=C(NC2=O)N)N1C=C(C(=NC1=O)N)C)N1C=C(C(=O)NC1=O)C)OP(=S)(O)OCC1C(CC(O1)N1C=C(C(=NC1=O)N)C)OP(=S)(O)OCC1C(C(C(O1)N1C=NC2=C1N=C(NC2=O)N)OCCOC)OP(=S)(O)OCC1C(C(C(O1)N1C=C(C(=NC1=O)N)C)OCCOC)OP(=S)(O)OCC1C(C(C(O1)N1C=NC2=C(N=CN=C21)N)OCCOC)OP(=O)(OCC1C(C(C(O1)N1C=C(C(=NC1=O)N)C)OCCOC)OP(=S)(O)OCC1C(C(C(O1)N1C=C(C(=NC1=O)N)C)OCCOC)O)S
DB06764,5419.0,C1CC(C2=CC=CC=C2C1)C3=NCCN3
DB00296,175805.0,CCCN1CCCCC1C(=O)NC2=C(C=CC=C2C)C
DB06213,219024.0,CNC(=O)C1=CN(N=C1)C2=NC(=C3C(=N2)N(C=N3)C4C(C(C(O4)CO)O)O)N
DB09323,25137901.0,CC1(C(N2C(S1)C(C2=O)NC(=O)CC3=CC=CC=C3)C(=O)[O-])C.CC1(C(N2C(S1)C(C2=O)NC(=O)CC3=CC=CC=C3)C(=O)[O-])C.C1=CC=C(C=C1)C[NH2+]CC[NH2+]CC2=CC=CC=C2
DB05015,6918638.0,C1=CC=C(C=C1)NS(=O)(=O)C2=CC=CC(=C2)C=CC(=O)NO
DB01284,16133751.0,CC(C)C(C(=O)NCC(=O)NC(CCCCN)C(=O)NC(CCCCN)C(=O)NC(CCCNC(=N)N)C(=O)NC(CCCNC(=N)N)C(=O)N1CCCC1C(=O)NC(C(C)C)C(=O)NC(CCCCN)C(=O)NC(C(C)C)C(=O)NC(CC2=CC=C(C=C2)O)C(=O)N3CCCC3C(=O)O)NC(=O)C4CCCN4C(=O)C(CCCCN)NC(=O)CNC(=O)C(CC5=CNC6=CC=CC=C65)NC(=O)C(CCCNC(=N)N)NC(=O)C(CC7=CC=CC=C7)NC(=O)C(CC8=CN=CN8)NC(=O)C(CCC(=O)O)NC(=O)C(CCSC)NC(=O)C(CO)NC(=O)C(CC9=CC=C(C=C9)O)NC(=O)C(CO)N
DB09064,2763.0,CC(C)(C(=O)O)OC1=CC=C(C=C1)C2CC2(Cl)Cl
DB01411,4887.0,C1=CC=C(C=C1)CCCCOC2=CC=C(C=C2)C(=O)NC3=CC=CC4=C3OC(=CC4=O)C5=NNN=N5
DB00849,8271.0,CCC1(C(=O)NC(=O)N(C1=O)C)C2=CC=CC=C2
DB00435,145068.0,[N]=O
DB00567,27447.0,CC1=C(N2C(C(C2=O)NC(=O)C(C3=CC=CC=C3)N)SC1)C(=O)O
DB01575,92024769.0,O.O.[O-][Si]([O-])([O-])O[Si]([O-])([O-])[O-].[Al+3].[Al+3]
DB00818,4943.0,CC(C)C1=C(C(=CC=C1)C(C)C)O
DB00165,1054.0,CC1=NC=C(C(=C1O)CO)CO
DB00255,448537.0,CCC(=C(CC)C1=CC=C(C=C1)O)C2=CC=C(C=C2)O
DB01110,4189.0,C1=CC(=C(C=C1Cl)Cl)COC(CN2C=CN=C2)C3=C(C=C(C=C3)Cl)Cl
DB01061,6479523.0,CC1(C(N2C(S1)C(C2=O)NC(=O)C(C3=CC=CC=C3)NC(=O)N4CCNC4=O)C(=O)O)C
DB06206,6918585.0,C(CSCC1C2C(C(C(O1)OC3C(OC(C(C3O)O)OC4C(OC(C(C4O)O)OC5C(OC(C(C5O)O)OC6C(OC(C(C6O)O)OC7C(OC(C(C7O)O)OC8C(OC(C(C8O)O)OC9C(OC(O2)C(C9O)O)CSCCC(=O)O)CSCCC(=O)O)CSCCC(=O)O)CSCCC(=O)O)CSCCC(=O)O)CSCCC(=O)O)CSCCC(=O)O)O)O)C(=O)O
DB00205,4993.0,CCC1=C(C(=NC(=N1)N)N)C2=CC=C(C=C2)Cl
DB00769,84088.0,CCN(CC)CC(=O)OCC(=O)C1(CCC2C1(CC(C3C2CCC4=CC(=O)CCC34C)O)C)O
DB01603,6087.0,CC1(C(N2C(S1)C(C2=O)NC(=O)C3=C(C=CC=C3OC)OC)C(=O)O)C
DB09135,3743.0,CC(=O)N(CC(CO)O)C1=C(C(=C(C(=C1I)C(=O)NCC(CO)O)I)C(=O)NCCO)I
DB06659,135565472.0,CCC1=C(C2=CC3=C(C(=C([N-]3)C4=C5C(C(C(=N5)C=C6C(=C(C(=N6)C=C1[N-]2)C)CC)C)(C(=C4)C(=O)OCC)CC)C)CC)C.[Cl-].[Sn+4]
DB00424,154417.0,CN1C2CCC1CC(C2)OC(=O)C(CO)C3=CC=CC=C3
DB00267,9570757.0,CN1C(=NN=N1)SCC2=C(N3C(C(C3=O)NC(=O)C(=NOC)C4=CSC(=N4)N)SC2)C(=O)O
DB08871,11354606.0,CC1CC2CCC3C(=C)CC(O3)CCC45CC6C(O4)C7C(O6)C(O5)C8C(O7)CCC(O8)CC(=O)CC9C(CC(C1=C)O2)OC(C9OC)CC(CN)O
DB01060,33613.0,CC1(C(N2C(S1)C(C2=O)NC(=O)C(C3=CC=C(C=C3)O)N)C(=O)O)C
DB01113,4680.0,COC1=C(C=C(C=C1)CC2=NC=CC3=CC(=C(C=C32)OC)OC)OC
DB08909,10482134.0,C1=CC=C(C=C1)CCCC(=O)OCC(COC(=O)CCCC2=CC=CC=C2)OC(=O)CCCC3=CC=CC=C3
DB01066,9870843.0,CC1=C(SC=N1)C=CC2=C(N3C(C(C3=O)NC(=O)C(=NOC)C4=CSC(=N4)N)SC2)C(=O)O
DB01400,4456.0,CN(C)C(=O)OC1=CC=CC(=C1)[N+](C)(C)C
DB01086,2337.0,CCOC(=O)C1=CC=C(C=C1)N
DB00973,150311.0,C1=CC(=CC=C1C2C(C(=O)N2C3=CC=C(C=C3)F)CCC(C4=CC=C(C=C4)F)O)O
DB01217,2187.0,CC(C)(C#N)C1=CC(=CC(=C1)CN2C=NC=N2)C(C)(C)C#N
DB01196,259331.0,CC12CCC3C(C1CCC2O)CCC4=C3C=CC(=C4)OC(=O)N(CCCl)CCCl
DB08906,9854489.0,CC1CC2C3CC(C4=CC(=O)C=CC4(C3(C(CC2(C1(C(=O)SCF)OC(=O)C5=CC=CO5)C)O)F)C)F
DB09167,5284550.0,CN(C)CCC=C1C2=CC=CC=C2CSC3=CC=CC=C31
DB11181,5282593.0,CN1C2CCC1CC(C2)OC(=O)C(C3=CC=CC=C3)O
DB01138,5342.0,C1=CC=C(C=C1)N2C(=O)C(C(=O)N2C3=CC=CC=C3)CCS(=O)C4=CC=CC=C4
DB00917,5280360.0,CCCCCC(C=CC1C(CC(=O)C1CC=CCCCC(=O)O)O)O
DB01282,16681432.0,CCC(C)C1C(=O)NC(C(=O)NC(C(=O)NC(CSCCCC(=O)NC(C(=O)N1)CC2=CC=C(C=C2)OC)C(=O)N3CCCC3C(=O)NC(CC(C)C)C(=O)NCC(=O)N)CC(=O)N)CCC(=O)N
DB01000,19003.0,CC1(C(N2C(S1)C(C2=O)NC(=O)C3(CCCCC3)N)C(=O)O)C
DB00650,135403648.0,C1C(N(C2=C(N1)N=C(NC2=O)N)C=O)CNC3=CC=C(C=C3)C(=O)NC(CCC(=O)O)C(=O)O
DB00526,6857599.0,C1CCC(C(C1)N)N.C(=O)(C(=O)O)O.[Pt+2]
DB00360,135398654.0,CC(C(C1CNC2=C(N1)C(=O)NC(=N2)N)O)O
DB09257,54679224.0,C1=C(C(=CNC1=O)Cl)O
DB01022,5284607.0,CC1=C(C(=O)C2=CC=CC=C2C1=O)CC=C(C)CCCC(C)CCCC(C)CCCC(C)C
DB09070,444008.0,CC1CC2=C(CCC(=O)C2)C3C1C4CCC(C4(CC3)C)(C#C)O
DB01065,896.0,CC(=O)NCCC1=CNC2=C1C=C(C=C2)OC
DB06826,5311236.0,CCCCCCCC(=O)CCC1C(CC(C1CC=CCCCC(=O)O)O)O
DB00591,6215.0,CC1(OC2CC3C4CC(C5=CC(=O)C=CC5(C4(C(CC3(C2(O1)C(=O)CO)C)O)F)C)F)C
DB06730,3033968.0,CCC12CCC3C(C1C=CC2(C#C)O)CCC4=CC(=O)CCC34
DB01155,9571107.0,CON=C1CN(CC1CN)C2=C(C=C3C(=O)C(=CN(C3=N2)C4CC4)C(=O)O)F
DB06800,16089915.0,C[N+]1(CCC23C4C(=O)CCC2(C1CC5=C3C(=C(C=C5)O)O4)O)CC6CC6
DB00291,2708.0,C1=CC(=CC=C1CCCC(=O)O)N(CCCl)CCCl
DB00229,43708.0,CN(C)CCN1C(=NN=N1)SCC2=C(N3C(C(C3=O)NC(=O)CC4=CSC(=N4)N)SC2)C(=O)O
DB00724,57469.0,CC(C)CN1C=NC2=C1C3=CC=CC=C3N=C2N
DB01593,23994.0,[Zn]
DB04854,134018.0,CC1=C(SC(=N1)C2=CC(=C(C=C2)OCC(C)C)C#N)C(=O)O
DB01611,3652.0,CCN(CCCC(C)NC1=C2C=CC(=CC2=NC=C1)Cl)CCO
DB00430,636405.0,CC1=CC(=O)C(=CN1)C(=O)NC(C2=CC=C(C=C2)O)C(=O)NC3C4N(C3=O)C(=C(CS4)CSC5=NN=NN5C)C(=O)O
DB00242,20279.0,C1C(C(OC1N2C=NC3=C(N=C(N=C32)Cl)N)CO)O
DB00631,119182.0,C1=NC2=C(N=C(N=C2N1C3C(C(C(O3)CO)O)F)Cl)N
DB00532,4060.0,CCC1(C(=O)N(C(=O)N1)C)C2=CC=CC=C2
DB01605,115163.0,CC1(C(N2C(S1)C(C2=O)N=CN3CCCCCC3)C(=O)OCOC(=O)C(C)(C)C)C
DB06262,92974.0,C1=CC(=C(C=C1C(C(C(=O)O)N)O)O)O
DB01127,3198.0,C1=CC(=CC=C1COC(CN2C=CN=C2)C3=C(C=C(C=C3)Cl)Cl)Cl
DB00288,443958.0,CC(=O)OCC(=O)C12C(CC3C1(CC(C4(C3CCC5=CC(=O)C=CC54C)F)O)C)OC6(O2)CCCC6
DB04918,135413542.0,C1CNCC1N2CCC(=CC3=C(N4C(C(C4=O)NC(=O)C(=NO)C5=NSC(=N5)N)SC3)C(=O)O)C2=O
DB01140,47965.0,CC1=C(N2C(C(C2=O)NC(=O)C(C3=CC=C(C=C3)O)N)SC1)C(=O)O
DB09221,51051629.0,C1=C(NC=N1)CC(C(=O)O)[N-]C(=O)CCN.[Zn]
DB01250,22419.0,C1=CC(=C(C=C1N=NC2=CC(=C(C=C2)O)C(=O)O)C(=O)O)O
DB00376,5572.0,C1CCC(CC1)C(CCN2CCCCC2)(C3=CC=CC=C3)O
DB00666,25077405.0,CC(C)CC(C(=O)NC(CCCN=C(N)N)C(=O)N1CCCC1C(=O)NCC(=O)N)NC(=O)C(CC2=CC3=CC=CC=C3C=C2)NC(=O)C(CC4=CC=C(C=C4)O)NC(=O)C(CO)NC(=O)C(CC5=CNC6=CC=CC=C65)NC(=O)C(CC7=CN=CN7)NC(=O)C8CCC(=O)N8
DB00718,60871.0,CC(C)(C)C(=O)OCOP(=O)(COCCN1C=NC2=C(N=CN=C21)N)OCOC(=O)C(C)(C)C
DB06145,6440717.0,CC1CC=CC=CC(C(CC(C(C(C(CC(=O)O1)O)OC)OC2C(C(C(C(O2)C)OC3CC(C(C(O3)C)O)(C)O)N(C)C)O)CC=O)C)OC4CCC(C(O4)C)N(C)C
DB09293,167195.0,[I-]
DB09156,3736.0,CN(CC(CO)O)C(=O)C1=C(C(=C(C(=C1I)C(=O)NCC(CO)O)I)NC(=O)COC)I
DB03793,243.0,C1=CC=C(C=C1)C(=O)O
DB06710,6010.0,CC12CCC(=O)C=C1CCC3C2CCC4(C3CCC4(C)O)C
DB00471,5281040.0,CC(C)(C1=CC=CC=C1CCC(C2=CC=CC(=C2)C=CC3=NC4=C(C=CC(=C4)Cl)C=C3)SCC5(CC5)CC(=O)O)O
DB00643,4030.0,COC(=O)NC1=NC2=C(N1)C=C(C=C2)C(=O)C3=CC=CC=C3
DB06590,9852981.0,CCON=C(C1=NSC(=N1)NP(=O)(O)O)C(=O)NC2C3N(C2=O)C(=C(CS3)SC4=NC(=CS4)C5=CC=[N+](C=C5)C)C(=O)[O-]
DB00518,2082.0,CCCSC1=CC2=C(C=C1)N=C(N2)NC(=O)OC
DB04911,16136912.0,CC1C(C(CC(O1)OC2C3C(=O)NC(C4=C(C(=CC(=C4)O)O)C5=C(C=CC(=C5)C(C(=O)N3)NC(=O)C6C7=CC(=C(C(=C7)OC8=C(C=C2C=C8)Cl)OC9C(C(C(C(O9)CO)O)O)OC1CC(C(C(O1)C)O)(C)NCC1=CC=C(C=C1)C1=CC=C(C=C1)Cl)OC1=C(C=C(C=C1)C(C(C(=O)NC(C(=O)N6)CC(=O)N)NC(=O)C(CC(C)C)NC)O)Cl)O)C(=O)O)(C)N)O
DB00811,37542.0,C1=NC(=NN1C2C(C(C(O2)CO)O)O)C(=O)N
DB06401,154257.0,CC1=C(N(C2=C1C=C(C=C2)O)CC3=CC=C(C=C3)OCCN4CCCCCC4)C5=CC=C(C=C5)O
DB00319,43672.0,CCN1CCN(C(=O)C1=O)C(=O)NC(C2=CC=CC=C2)C(=O)NC3C4N(C3=O)C(C(S4)(C)C)C(=O)O
DB06699,16136245.0,CC(C)CC(C(=O)NC(CCCCNC(C)C)C(=O)N1CCCC1C(=O)NC(C)C(=O)N)NC(=O)C(CC2=CC=C(C=C2)NC(=O)N)NC(=O)C(CC3=CC=C(C=C3)NC(=O)C4CC(=O)NC(=O)N4)NC(=O)C(CO)NC(=O)C(CC5=CN=CC=C5)NC(=O)C(CC6=CC=C(C=C6)Cl)NC(=O)C(CC7=CC8=CC=CC=C8C=C7)NC(=O)C
DB00911,5479.0,CCS(=O)(=O)CCN1C(=NC=C1[N+](=O)[O-])C
DB09055,5310993.0,CC1=CN=C(C=[N+]1[O-])C(=O)O
DB00869,5284549.0,CCNC1CC(S(=O)(=O)C2=C1C=C(S2)S(=O)(=O)N)C
DB09320,5903.0,CCN(CC)CCOC(=O)C1=CC=C(C=C1)N.CC1(C(N2C(S1)C(C2=O)NC(=O)CC3=CC=CC=C3)C(=O)O)C
DB01333,38103.0,CC1=C(N2C(C(C2=O)NC(=O)C(C3=CCC=CC3)N)SC1)C(=O)O
DB05245,441244.0,C1=CN=C(N=C1)[N-]S(=O)(=O)C2=CC=C(C=C2)N.[Ag+]
DB00190,34359.0,CC(CC1=CC(=C(C=C1)O)O)(C(=O)O)NN
DB00896,5311412.0,CCC(=O)C1(C(CC2C1(CC(C3C2CCC4=CC(=O)C=CC34C)O)C)C)C
DB00551,1990.0,CC(=O)NO
DB09275,91667825.0,C(C(=O)[O-])C(CC(=O)[O-])(C(=O)[O-])[O-].C(C(=O)[O-])C(CC(=O)[O-])(C(=O)[O-])[O-].[K+].[K+].[K+].[K+].[K+].[Bi+3]
DB00162,445354.0,CC1=C(C(CCC1)(C)C)C=CC(=CC=CC(=CCO)C)C
DB09125,13344.0,C(C(=O)[O-])C(CC(=O)[O-])(C(=O)[O-])O.[K+].[K+].[K+]
DB00556,6432.0,C(C(F)(F)F)(C(F)(F)F)(F)F
DB00746,2973.0,CC(=O)N(CCCCCNC(=O)CCC(=O)N(CCCCCNC(=O)CCC(=O)N(CCCCCN)O)O)O
DB00223,71415.0,CC1CC2C3CC(C4=CC(=O)C=CC4(C3(C(CC2(C1(C(=O)CO)O)C)O)F)C)F
DB01544,3380.0,CN1C(=O)CN=C(C2=C1C=CC(=C2)[N+](=O)[O-])C3=CC=CC=C3F
DB11256,135398561.0,CN1C(CNC2=C1C(=O)NC(=N2)N)CNC3=CC=C(C=C3)C(=O)NC(CCC(=O)O)C(=O)O
DB00846,15209.0,CC1(OC2CC3C4CC(C5=CC(=O)CCC5(C4C(CC3(C2(O1)C(=O)CO)C)O)C)F)C
DB01262,451668.0,C1C(C(OC1N2C=NC(=NC2=O)N)CO)O
DB01085,5910.0,CCC1C(COC1=O)CC2=CN=CN2C
DB00259,5333.0,C1=CC(=CC=C1N)S(=O)(=O)N
DB09279,9870652.0,CCCCC1=NC(=C(C(=O)N1CC2=CC=C(C=C2)C3=CC=CC=C3C4=NNN=N4)CC(=S)N(C)C)C
DB01280,3011155.0,COC1=NC(=NC2=C1N=CN2C3C(C(C(O3)CO)O)O)N
DB00150,6305.0,C1=CC=C2C(=C1)C(=CN2)CC(C(=O)O)N
DB00654,5311221.0,CC(C)OC(=O)CCCC=CCC1C(CC(C1CCC(CCC2=CC=CC=C2)O)O)O
DB01327,33255.0,CC1=NN=C(S1)SCC2=C(N3C(C(C3=O)NC(=O)CN4C=NN=N4)SC2)C(=O)O
DB08911,11707110.0,CC1=C2C(=C(N(C1=O)C)NC3=C(C=C(C=C3)I)F)C(=O)N(C(=O)N2C4=CC=CC(=C4)NC(=O)C)C5CC5
DB00170,4055.0,CC1=CC(=O)C2=CC=CC=C2C1=O
DB08992,3236.0,CCC1=CC=C(C=C1)C(=O)C(C)CN2CCCCC2
DB00293,135400182.0,CC1=NC2=C(C=C(C=C2)CN(C)C3=CC=C(S3)C(=O)NC(CCC(=O)O)C(=O)O)C(=O)N1
DB04570,47499.0,CN1C(=NN=N1)SCC2=C(N3C(C(C3=O)(NC(=O)C(C4=CC=C(C=C4)O)C(=O)O)OC)OC2)C(=O)O
DB05266,3671.0,CC(C)C1=NN2C=CC=CC2=C1C(=O)C(C)C
DB00873,9865442.0,CC12CC(C3C(C1CCC2(C(=O)OCCl)O)CCC4=CC(=O)C=CC34C)O
DB01587,33746.0,CC1=CC(=O)N2CC(=O)N(C3=C(C2(O1)C4=CC=CC=C4)C=C(C=C3)Cl)C
DB00787,135398513.0,C1=NC2=C(N1COCCO)N=C(NC2=O)N
DB00345,2148.0,C1=CC(=CC=C1C(=O)NCC(=O)O)N
DB00828,446987.0,CC1C(O1)P(=O)(O)O
DB08905,11273.0,CC12CCC(=O)C(=C1CCC3C2CCC4(C3CCC4=O)C)O
DB00859,5852.0,CC(C)(C(C(=O)O)N)S
DB00760,441130.0,CC1C2C(C(=O)N2C(=C1SC3CC(NC3)C(=O)N(C)C)C(=O)O)C(C)O
DB09078,9823820.0,COC1=CC2=NC=CC(=C2C=C1C(=O)N)OC3=CC(=C(C=C3)NC(=O)NC4CC4)Cl
DB06637,1727.0,C1=CN=CC=C1N
DB09289,68870.0,CN1C2=CC=CC=C2C(C3=C(S1(=O)=O)C=C(C=C3)Cl)NCCCCCCC(=O)O
DB00308,60753.0,CCCCCCCN(CC)CCCC(C1=CC=C(C=C1)NS(=O)(=O)C)O
DB06594,82148.0,CC(=O)NCCC1=CC=CC2=C1C=C(C=C2)OC
DB01413,5479537.0,C[N+]1(CCCC1)CC2=C(N3C(C(C3=O)NC(=O)C(=NOC)C4=CSC(=N4)N)SC2)C(=O)[O-]
DB00578,20824.0,CC1(C(N2C(S1)C(C2=O)NC(=O)C(C3=CC=CC=C3)C(=O)O)C(=O)O)C
DB01011,4174.0,CC(C)(C1=CN=CC=C1)C(=O)C2=CN=CC=C2
DB01273,170361.0,C1C2CNCC1C3=CC4=NC=CN=C4C=C23
DB01046,157920.0,CCCCC(C1(CCC2C(O1)CC(=O)C2CCCCCCC(=O)O)O)(F)F
DB06402,3081362.0,CCCCCCCCCCNCCNC1(CC(OC(C1O)C)OC2C(C(C(OC2OC3=C4C=C5C=C3OC6=C(C=C(C=C6)C(C(C(=O)NC(C(=O)NC5C(=O)NC7C8=CC(=C(C=C8)O)C9=C(C(=C(C=C9C(NC(=O)C(C(C1=CC(=C(O4)C=C1)Cl)O)NC7=O)C(=O)O)O)CNCP(=O)(O)O)O)CC(=O)N)NC(=O)C(CC(C)C)NC)O)Cl)CO)O)O)C
DB00274,42008.0,CN1C(=NN=N1)SCC2=C(N3C(C(C3=O)(NC(=O)CSCC#N)OC)SC2)C(=O)O
DB09269,999.0,C1=CC=C(C=C1)CC(=O)O
DB09099,16129706.0,CC(C1C(=O)NC(C(=O)NC(C(=O)NC(C(=O)NC(CSSCC(C(=O)NC(C(=O)NC(C(=O)NC(C(=O)NC(C(=O)NC(C(=O)NC(C(=O)N1)CCCCN)CC2=CNC3=CC=CC=C32)CC4=CC=CC=C4)CC5=CC=CC=C5)CC(=O)N)CCCCN)NC(=O)CNC(=O)C(C)N)C(=O)O)CO)C(C)O)CC6=CC=CC=C6)O
DB01437,3487.0,CCC1(CCC(=O)NC1=O)C2=CC=CC=C2
DB01511,17925.0,C1C(=O)NC2=C(C=C(C=C2)Cl)C(=N1)C3=CC=CC=C3Cl
DB09270,5281915.0,CC1=C(C(=O)C(=C(C1=O)OC)OC)CC=C(C)CCC=C(C)CCC=C(C)CCC=C(C)CCC=C(C)CCC=C(C)CCC=C(C)CCC=C(C)CCC=C(C)CCC=C(C)C
DB01362,3730.0,CC(=O)N(CC(CO)O)C1=C(C(=C(C(=C1I)C(=O)NCC(CO)O)I)C(=O)NCC(CO)O)I
DB08947,65492.0,CC(C(=O)NC1=C(C(=C(C(=C1I)C(=O)NC(CO)CO)I)C(=O)NC(CO)CO)I)O
DB00779,4421.0,CCN1C=C(C(=O)C2=C1N=C(C=C2)C)C(=O)O
DB00513,564.0,C(CCC(=O)O)CCN
DB06782,3080.0,C(C(CS)S)O
DB09147,24877.0,[O-]P(=O)([O-])OP(=O)([O-])[O-].[O-]P(=O)([O-])OP(=O)([O-])[O-].[O-]P(=O)([O-])OP(=O)([O-])[O-].[Fe+3].[Fe+3].[Fe+3].[Fe+3]
DB09236,5311217.0,CCOC(=O)C1=C(NC(=C(C1C2=CC=CC=C2C=CC(=O)OC(C)(C)C)C(=O)OCC)C)C
DB00302,5526.0,C1CC(CCC1CN)C(=O)O
DB01435,2206.0,CC1=CC(=O)N(N1C)C2=CC=CC=C2
DB00130,5961.0,C(CC(=O)N)C(C(=O)O)N
DB00581,11333.0,C(C1C(C(C(C(O1)OC2C(OC(C2O)(CO)O)CO)O)O)O)O
DB01598,104838.0,CC(C1C2CC(=C(N2C1=O)C(=O)O)SCCN=CN)O
DB01610,135413535.0,CC(C)C(C(=O)OCC(CO)OCN1C=NC2=C1N=C(NC2=O)N)N
DB00355,135398736.0,CC1C(C(=O)N1S(=O)(=O)[O-])NC(=O)C(=NOC(C)(C)C(=O)O)C2=CSC(=[NH+]2)N
DB06211,73303.0,CC1C2C(C(=O)N2C(=C1SC3CC(NC3)CNS(=O)(=O)N)C(=O)O)C(C)O
DB01047,9642.0,CC(=O)OCC(=O)C12C(CC3C1(CC(C4(C3CC(C5=CC(=O)C=CC54C)F)F)O)C)OC(O2)(C)C
DB00389,31072.0,CCOC(=O)N1C=CN(C1=S)C
DB00339,1046.0,C1=CN=C(C=N1)C(=O)N
DB09162,61300.0,C(C(=O)[O-])C(CC(=O)[O-])(C(=O)[O-])O.[Fe+3]
DB00602,46936176.0,CCC(C)C1C(CCC2(O1)CC3CC(O2)CC=C(C(C(C=CC=C4COC5C4(C(C=C(C5O)C)C(=O)O3)O)C)OC6CC(C(C(O6)C)OC7CC(C(C(O7)C)O)OC)OC)C)C.CC1CCC2(CC3CC(O2)CC=C(C(C(C=CC=C4COC5C4(C(C=C(C5O)C)C(=O)O3)O)C)OC6CC(C(C(O6)C)OC7CC(C(C(O7)C)O)OC)OC)C)OC1C(C)C
DB01057,10548.0,CCOP(=O)(OCC)SCC[N+](C)(C)C
DB00879,60877.0,C1C(OC(S1)CO)N2C=C(C(=NC2=O)N)F
DB00730,5430.0,C1=CC=C2C(=C1)NC(=N2)C3=CSC=N3
DB01764,6323289.0,CCN(CC)CCS(=O)(=O)C1CCN2C1C(=O)OC(C(C=CC(=O)NCC=CC(=CC(CC(=O)CC3=NC(=CO3)C2=O)O)C)C)C(C)C
DB00550,657298.0,CCCC1=CC(=O)NC(=S)N1
DB00481,5035.0,C1CCN(CC1)CCOC2=CC=C(C=C2)C(=O)C3=C(SC4=C3C=CC(=C4)O)C5=CC=C(C=C5)O
DB00923,43507.0,C1C(=C(N2C(S1)C(C2=O)NC(=O)CC3=CC=CC=C3CN)C(=O)O)CSC4=NN=NN4CC(=O)O
DB00547,5311067.0,CC1CC2C3CCC4=CC(=O)C=CC4(C3(C(CC2(C1C(=O)CO)C)O)F)C
DB00050,25074887.0,CC(C)CC(C(=O)NC(CCCN=C(N)N)C(=O)N1CCCC1C(=O)NC(C)C(=O)N)NC(=O)C(CCCNC(=O)N)NC(=O)C(CC2=CC=C(C=C2)O)NC(=O)C(CO)NC(=O)C(CC3=CN=CC=C3)NC(=O)C(CC4=CC=C(C=C4)Cl)NC(=O)C(CC5=CC6=CC=CC=C6C=C5)NC(=O)C
DB00240,5311000.0,CC1CC2C3C(CC4=CC(=O)C=CC4(C3C(CC2(C1(C(=O)CO)O)C)O)C)Cl
DB00709,60825.0,C1C(OC(S1)CO)N2C=CC(=NC2=O)N
DB00140,493570.0,CC1=CC2=C(C=C1C)N(C3=NC(=O)NC(=O)C3=N2)CC(C(C(CO)O)O)O
DB01183,5284596.0,C=CCN1CCC23C4C(=O)CCC2(C1CC5=C3C(=C(C=C5)O)O4)O
DB06527,1646.0,C(CN)CS(=O)(=O)O
DB00649,18283.0,CC1=CN(C(=O)NC1=O)C2C=CC(O2)CO
DB01708,5881.0,CC12CCC3C(C1CCC2=O)CC=C4C3(CCC(C4)O)C
DB00609,2761171.0,CCC1=NC=CC(=C1)C(=S)N
DB09265,131704317.0,CCC(C)C(C(=NC(CCC(=O)O)C(=NC(CC1=CNC2=CC=CC=C21)C(=NC(CC(C)C)C(=NC(CCCCN)C(=NC(CC(=N)O)C(=NCC(=NCC(=O)N3CCCC3C(=NC(CO)C(=NC(CO)C(=NCC(=NC(C)C(=O)N4CCCC4C(=O)N5CCCC5C(=NC(CO)C(=NC(CCCCN)C(=NC(CCCCN)C(=NC(CCCCN)C(=NC(CCCCN)C(=NC(CCCCN)C(=NC(CCCCN)C(=N)O)O)O)O)O)O)O)O)O)O)O)O)O)O)O)O)O)O)O)N=C(C(CC6=CC=CC=C6)N=C(C(CC(C)C)N=C(C(CCCNC(=N)N)N=C(C(C(C)C)N=C(C(C)N=C(C(CCC(=O)O)N=C(C(CCC(=O)O)N=C(C(CCC(=O)O)N=C(C(CCSC)N=C(C(CCC(=N)O)N=C(C(CCCCN)N=C(C(CO)N=C(C(CC(C)C)N=C(C(CC(=O)O)N=C(C(CO)N=C(C(C(C)O)N=C(C(CC7=CC=CC=C7)N=C(C(C(C)O)N=C(CN=C(C(CCC(=O)O)N=C(CN=C(C(CC8=CN=CN8)N)O)O)O)O)O)O)O)O)O)O)O)O)O)O)O)O)O)O)O)O)O)O.[V]
DB00832,6839.0,CN1C(=O)CC(C1=O)C2=CC=CC=C2
DB01328,43594.0,C1C(=C(N2C(S1)C(C2=O)NC(=O)C(C3=CC=CC=C3)O)C(=O)O)CSC4=NN=NN4CS(=O)(=O)O
DB09286,4830.0,C1CCN(CC1)C2(CCN(CC2)CCCC(=O)C3=CC=C(C=C3)F)C(=O)N
DB09278,297.0,C
DB06403,6918493.0,CC1=CC(=NC(=N1)OC(C(=O)O)C(C2=CC=CC=C2)(C3=CC=CC=C3)OC)C
DB00330,14052.0,CCC(CO)NCCNC(CC)CO
DB01139,30699.0,CC(=O)OCC1=C(N2C(C(C2=O)NC(=O)CSC3=CC=NC=C3)SC1)C(=O)O
DB00235,4197.0,CC1=C(C=C(C(=O)N1)C#N)C2=CC=NC=C2
DB00276,2179.0,COC1=C(C=CC(=C1)NS(=O)(=O)C)NC2=C3C=CC=CC3=NC4=CC=CC=C42
DB00251,441383.0,CC(C)N1CCN(CC1)C2=CC=C(C=C2)OCC3COC(O3)(CN4C=NC=N4)C5=C(C=C(C=C5)Cl)Cl
DB00838,5311052.0,CC1CC2C3CC(C4=CC(=O)C=CC4(C3(C(CC2(C1C(=O)CO)C)O)Cl)C)F
DB01260,5311066.0,CC1(OC2CC3C4CCC5=CC(=O)C=CC5(C4C(CC3(C2(O1)C(=O)CO)C)O)C)C
DB00406,3468.0,CN(C)C1=CC=C(C=C1)C(=C2C=CC(=[N+](C)C)C=C2)C3=CC=C(C=C3)N(C)C
DB01369,5388937.0,CCC1C(=O)N2CCCC2C(=O)N(C(C(=O)N3CC(C(=O)CC3C(=O)NC(C(=O)OC(C(C(=O)N1)NC(=O)C4=C(C=CC=N4)O)C)C5=CC=CC=C5)CSC6CN7CCC6CC7)CC8=CC=C(C=C8)N(C)C)C
DB09134,3741.0,C(CO)N(C1=C(C(=C(C(=C1I)C(=O)NCC(CO)O)I)C(=O)NCC(CO)O)I)C(=O)CO
DB00198,65028.0,CCC(CC)OC1C=C(CC(C1NC(=O)C)N)C(=O)OCC
DB01878,3102.0,C1=CC=C(C=C1)C(=O)C2=CC=CC=C2
DB00234,127151.0,CCOC1=CC=CC=C1OC(C2CNCCO2)C3=CC=CC=C3
DB03754,6503.0,C(C(CO)(CO)N)O
DB00324,9878.0,CC1CC2C3CCC(C3(CC(C2(C4(C1=CC(=O)C=C4)C)F)O)C)(C(=O)C)O
DB04348,6675.0,CC(CCC(=O)NCCS(=O)(=O)O)C1CCC2C1(C(CC3C2C(CC4C3(CCC(C4)O)C)O)O)C
DB00740,5070.0,C1=CC2=C(C=C1OC(F)(F)F)SC(=N2)N
DB09020,2391.0,CC(=O)OC1=CC=C(C=C1)C(C2=CC=C(C=C2)OC(=O)C)C3=CC=CC=N3
DB09183,56640146.0,CC(C)(C)C1=CC(=CC(=C1OC)C2=CC3=C(C=C2)C=C(C=C3)NS(=O)(=O)C)N4C=CC(=O)NC4=O
DB01205,3373.0,CCOC(=O)C1=C2CN(C(=O)C3=C(N2C=N1)C=CC(=C3)F)C
DB09153,5234.0,[Na+].[Cl-]
DB01249,3724.0,CC(=O)N(CC(CN(C1=C(C(=C(C(=C1I)C(=O)NCC(CO)O)I)C(=O)NCC(CO)O)I)C(=O)C)O)C2=C(C(=C(C(=C2I)C(=O)NCC(CO)O)I)C(=O)NCC(CO)O)I
DB00634,5320.0,CC(=O)NS(=O)(=O)C1=CC=C(C=C1)N
DB00347,5576.0,CC1(C(=O)N(C(=O)O1)C)C
DB09085,5411.0,CCCCNC1=CC=C(C=C1)C(=O)OCCN(C)C
DB00357,2145.0,CCC1(CCC(=O)NC1=O)C2=CC=C(C=C2)N
DB01581,5325.0,CC1=NC(=NC=C1)NS(=O)(=O)C2=CC=C(C=C2)N
DB00560,54686904.0,CC(C)(C)NCC(=O)NC1=CC(=C2CC3CC4C(C(=O)C(=C(C4(C(=O)C3=C(C2=C1O)O)O)O)C(=O)N)N(C)C)N(C)C
DB01130,6714002.0,CCC(=O)OCC(=O)C1(CCC2C1(CC(C3C2CCC4=CC(=O)C=CC34C)O)C)OC(=O)OCC
DB01326,456255.0,CN1C(=NN=N1)SCC2=C(N3C(C(C3=O)NC(=O)C(C4=CC=CC=C4)O)SC2)C(=O)O
DB08869,56928011.0,CCC=CCC(=O)NC(CC1=CC=C(C=C1)O)C(=O)NC(C)C(=O)NC(CC(=O)O)C(=O)NC(C)C(=O)NC(C(C)CC)C(=O)NC(CC2=CC=CC=C2)C(=O)NC(C(C)O)C(=O)NC(CC(=O)N)C(=O)NC(CO)C(=O)NC(CC3=CC=C(C=C3)O)C(=O)NC(CCCNC(=N)N)C(=O)NC(CCCCN)C(=O)NC(C(C)C)C(=O)NC(CC(C)C)C(=O)NCC(=O)NC(CCC(=O)N)C(=O)NC(CC(C)C)C(=O)NC(CO)C(=O)NC(C)C(=O)NC(CCCNC(=N)N)C(=O)NC(CCCCN)C(=O)NC(CC(C)C)C(=O)NC(CC(C)C)C(=O)NC(CCC(=O)N)C(=O)NC(CC(=O)O)C(=O)NC(C(C)CC)C(=O)NC(CCSC)C(=O)NC(CO)C(=O)NC(CCCNC(=N)N)C(=O)NC(CCC(=O)N)C(=O)NC(CCC(=O)N)C(=O)NCC(=O)NC(CCC(=O)N)C(=O)NC(CO)C(=O)NC(CC(=O)N)C(=O)NC(CCC(=O)N)C(=O)NC(CCCNC(=N)N)C(=O)NCC(=O)NC(C)C(=O)NC(CCCNC(=N)N)C(=O)NC(C)C(=O)NC(CCCNC(=N)N)C(=O)NC(CC(C)C)C(=O)N
DB00442,135398508.0,C=C1C(CC(C1CO)O)N2C=NC3=C2N=C(NC3=O)N
DB00271,2140.0,CC(=O)NC1=C(C(=C(C(=C1I)C(=O)O)I)NC(=O)C)I
DB06268,216235.0,CC1=CC2=C(C=C1CC(=O)C3=C(C=CS3)S(=O)(=O)NC4=C(C(=NO4)C)Cl)OCO2
DB00891,5336.0,C1=CC=NC(=C1)NS(=O)(=O)C2=CC=C(C=C2)N
DB02300,5288783.0,CC(C=CC(C1CC1)O)C2CCC3C2(CCCC3=CC=C4CC(CC(C4=C)O)O)C
DB01563,2707.0,C(C(Cl)(Cl)Cl)(O)O
DB00536,3520.0,C(=N)(N)N
DB08819,9868491.0,CC(C)OC(=O)CCCC=CCC1C(CC(C1C=CC(COC2=CC=CC=C2)(F)F)O)O
DB06729,5335.0,C1=CC=C(C=C1)N2C(=CC=N2)NS(=O)(=O)C3=CC=C(C=C3)N
DB00855,137.0,C(CC(=O)O)C(=O)CN
DB11135,6326970.0,[Se]
DB06802,151075.0,C1=CC=C(C=C1)C(=O)C2=CC=CC(=C2N)CC(=O)N
DB00905,5311027.0,CCNC(=O)CCCC=CCC1C(CC(C1C=CC(CCC2=CC=CC=C2)O)O)O
DB06820,5318.0,C1=CC(=CC=C1CSC(CN2C=CN=C2)C3=C(C=C(C=C3)Cl)Cl)Cl
DB01597,6435415.0,CC1(CC1C(=O)NC(=CCCCCSCC(C(=O)O)N)C(=O)O)C
DB01408,54766.0,CC(C)(C)NCC(C1=CC(=CC(=C1)OC(=O)N(C)C)OC(=O)N(C)C)O
DB00478,5071.0,CC(C12CC3CC(C1)CC(C3)C2)N
DB09096,7187.0,C1=CC=C(C=C1)C(=O)OOC(=O)C2=CC=CC=C2
DB00122,305.0,C[N+](C)(C)CCO
DB09517,76968835.0,C(C1C(C(C(C(O1)OC2(C(C(C(O2)CO)O)O)CO)O)O)O)O.C(C1C(C(C(C(O1)OC2(C(C(C(O2)CO)O)O)CO)O)O)O)O.C(C1C(C(C(C(O1)OC2(C(C(C(O2)CO)O)O)CO)O)O)O)O.C(C1C(C(C(C(O1)OC2(C(C(C(O2)CO)O)O)CO)O)O)O)O.C(C1C(C(C(C(O1)OC2(C(C(C(O2)CO)O)O)CO)O)O)O)O.C(C(C(C(C(C(=O)[O-])O)O)O)O)O.[O-2].[O-2].[O-2].[Na+].[Fe+3].[Fe+3]
DB04571,5585.0,CC1=CC(=O)OC2=C1C=C3C=C(OC3=C2C)C
DB00821,2581.0,CC(C1=CC2=C(C=C1)C3=C(N2)C=CC(=C3)Cl)C(=O)O
DB09069,21109.0,COC1=C(C(=C(C=C1)CN2CCNCC2)OC)OC
DB05351,9578005.0,CC1=C(C=CN=C1CS(=O)C2=NC3=CC=CC=C3N2)OCC(F)(F)F
DB00984,229455.0,CC12CCC3C(C1CCC2OC(=O)CCC4=CC=CC=C4)CCC5=CC(=O)CCC35
DB09131,24014.0,Cl[Cu]Cl
DB00837,44115.0,C1=CC(=CC=C1C(=NCCCC(=O)N)C2=C(C=CC(=C2)F)O)Cl
DB09235,119171.0,CC1=C(C(C(=C(N1)C)P2(=O)OCC(CO2)(C)C)C3=CC(=CC=C3)[N+](=O)[O-])C(=O)OCCN(CC4=CC=CC=C4)C5=CC=CC=C5
DB00429,45266502.0,CCCCCC(C)(C=CC1C(CC(C1CC=CCCCC(=O)[O-])O)O)O.C(C(CO)(CO)[NH3+])O
DB00173,190.0,C1=NC2=NC=NC(=C2N1)N
DB00392,3290.0,CCN(CC)C(C)CN1C2=CC=CC=C2SC3=CC=CC=C31
DB00287,5282226.0,CC(C)OC(=O)CCCC=CCC1C(CC(C1C=CC(COC2=CC=CC(=C2)C(F)(F)F)O)O)O
DB00963,60726.0,C1=CC(=C(C(=C1)C(=O)C2=CC=C(C=C2)Br)N)CC(=O)O
DB07615,5282230.0,COC1=C(C=C(C=C1)C=CC(=O)NC2=CC=CC=C2C(=O)O)OC
DB09130,23978.0,[Cu]
DB00115,5311498.0,CC1=CC2=C(C=C1C)N(C=N2)C3C(C(C(O3)CO)OP(=O)([O-])OC(C)CNC(=O)CCC4(C(C5C6(C(C(C(=C(C7=NC(=CC8=NC(=C(C4=N5)C)C(C8(C)C)CCC(=O)N)C(C7(C)CC(=O)N)CCC(=O)N)C)[N-]6)CCC(=O)N)(C)CC(=O)N)C)CC(=O)N)C)O.[C-]#N.[Co+3]
DB09281,5311266.0,[O-][Si](=O)O[Si]([O-])([O-])O[Si](=O)[O-].[Mg+2].[Mg+2]
DB11080,24470.0,[N+](=O)([O-])[O-].[Ag+]
DB08874,10034073.0,CCC1C=C(C(CC=CC=C(C(=O)OC(CC=C(C=C(C1OC2C(C(C(C(O2)(C)C)OC(=O)C(C)C)O)O)C)C)C(C)O)COC3C(C(C(C(O3)C)OC(=O)C4=C(C(=C(C(=C4O)Cl)O)Cl)CC)O)OC)O)C
DB00369,60613.0,C1=CN(C(=O)N=C1N)CC(CO)OCP(=O)(O)O
DB00200,70678542.0,CC1=CC2=C(C=C1C)N(C=N2)C3C(C(C(O3)CO)OP(=O)([O-])OC(C)CNC(=O)CCC4(C(C5C6(C(C(C(=N6)C(=C7C(C(C(=N7)C=C8C(C(C(=N8)C(=C4[N-]5)C)CCC(=O)N)(C)C)CCC(=O)N)(C)CC(=O)N)C)CCC(=O)N)(C)CC(=O)N)C)CC(=O)N)C)O.O.[Co]
DB00882,2800.0,CCN(CC)CCOC1=CC=C(C=C1)C(=C(C2=CC=CC=C2)Cl)C3=CC=CC=C3
DB06785,16130957.0,CCNC(=NCCCCC(C(=O)NC(CC(C)C)C(=O)NC(CCCCN=C(NCC)NCC)C(=O)N1CCCC1C(=O)NC(C)C(=O)N)NC(=O)C(CC2=CC=C(C=C2)O)NC(=O)C(CO)NC(=O)C(CC3=CN=CC=C3)NC(=O)C(CC4=CC=C(C=C4)Cl)NC(=O)C(CC5=CC6=CC=CC=C6C=C5)NC(=O)C)NCC
DB11156,708857.0,CN1CCCN=C1C=CC2=CC=CS2
DB00639,47472.0,C1=CC(=C(C(=C1)Cl)SC(CCC2=CC=C(C=C2)Cl)CN3C=CN=C3)Cl
